archive_time,date,score,breadth,volume_ratio,limit_up_ratio,stocks
2026-08-18 20:26:24,2026-08-18,47.9313179765895,0.5263157894736842,0.9116237498240006,0.0,19
2026-08-18 20:30:34,2026-08-18,52.54280171978121,0.39622641509433965,0.991378391216078,0.018867924528301886,53
2026-08-18 20:34:34,2026-08-18,51.84889462545906,0.40229885057471265,1.038225459453427,0.011494252873563218,87
2026-08-18 20:34:36,2026-08-18,51.84889462545906,0.40229885057471265,1.038225459453427,0.011494252873563218,87
2026-08-18 20:36:18,2026-08-18,51.84889462545906,0.40229885057471265,1.038225459453427,0.011494252873563218,87
2026-08-18 20:36:31,2026-08-18,51.84889462545906,0.40229885057471265,1.038225459453427,0.011494252873563218,87
2026-08-18 20:36:38,2026-08-18,51.84889462545906,0.40229885057471265,1.038225459453427,0.011494252873563218,87
2026-08-18 20:36:40,2026-08-18,51.84889462545906,0.40229885057471265,1.038225459453427,0.011494252873563218,87
2026-08-18 20:36:43,2026-08-18,51.84889462545906,0.40229885057471265,1.038225459453427,0.011494252873563218,87
2026-08-18 20:36:52,2026-08-18,51.84889462545906,0.40229885057471265,1.038225459453427,0.011494252873563218,87
2026-08-18 20:36:54,2026-08-18,51.84889462545906,0.40229885057471265,1.038225459453427,0.011494252873563218,87
2026-08-18 20:37:13,2026-08-18,51.84889462545906,0.40229885057471265,1.038225459453427,0.011494252873563218,87
2026-08-18 20:37:15,2026-08-18,51.84889462545906,0.40229885057471265,1.038225459453427,0.011494252873563218,87
2026-08-18 20:39:59,2026-08-18,51.84889462545906,0.40229885057471265,1.038225459453427,0.011494252873563218,87
2026-08-18 20:40:08,2026-08-18,51.84889462545906,0.40229885057471265,1.038225459453427,0.011494252873563218,87
2026-08-18 20:41:33,2026-08-18,51.84889462545906,0.40229885057471265,1.038225459453427,0.011494252873563218,87
2026-08-18 20:41:55,2026-08-18,51.84889462545906,0.40229885057471265,1.038225459453427,0.011494252873563218,87
2026-08-18 20:42:01,2026-08-18,51.84889462545906,0.40229885057471265,1.038225459453427,0.011494252873563218,87
2026-08-18 20:42:11,2026-08-18,51.84889462545906,0.40229885057471265,1.038225459453427,0.011494252873563218,87
2026-08-18 20:42:13,2026-08-18,51.84889462545906,0.40229885057471265,1.038225459453427,0.011494252873563218,87
2026-08-18 20:42:14,2026-08-18,51.84889462545906,0.40229885057471265,1.038225459453427,0.011494252873563218,87
2026-08-18 20:42:15,2026-08-18,51.84889462545906,0.40229885057471265,1.038225459453427,0.011494252873563218,87
2026-08-18 20:45:13,2026-08-18,51.84889462545906,0.40229885057471265,1.038225459453427,0.011494252873563218,87
2026-08-18 20:45:24,2026-08-18,51.84889462545906,0.40229885057471265,1.038225459453427,0.011494252873563218,87
2026-08-18 20:45:55,2026-08-18,51.84889462545906,0.40229885057471265,1.038225459453427,0.011494252873563218,87
2026-08-18 20:52:06,2026-08-18,51.84889462545906,0.40229885057471265,1.038225459453427,0.011494252873563218,87
2026-08-18 20:56:03,2026-08-18,51.84889462545906,0.40229885057471265,1.038225459453427,0.011494252873563218,87
2026-08-18 20:56:30,2026-08-18,51.84889462545906,0.40229885057471265,1.038225459453427,0.011494252873563218,87
2026-08-18 21:03:48,2026-08-18,51.84889462545906,0.40229885057471265,1.038225459453427,0.011494252873563218,87
2026-08-18 21:04:27,2026-08-18,51.84889462545906,0.40229885057471265,1.038225459453427,0.011494252873563218,87
2026-08-18 21:05:56,2026-08-18,51.84889462545906,0.40229885057471265,1.038225459453427,0.011494252873563218,87
2026-08-19 16:44:28,2026-08-18,51.84889462545906,0.40229885057471265,1.038225459453427,0.011494252873563218,87
2026-08-19 17:21:54,2026-08-18,51.84889462545906,0.40229885057471265,1.038225459453427,0.011494252873563218,87
2026-08-28 20:38:06,2026-08-28,36.421899488338376,0.27710843373493976,0.6950666232043682,0.012048192771084338,83
2026-08-28 20:38:38,2026-08-28,36.421899488338376,0.27710843373493976,0.6950666232043682,0.012048192771084338,83
2026-08-28 20:39:12,2026-08-28,36.421899488338376,0.27710843373493976,0.6950666232043682,0.012048192771084338,83
2026-08-28 20:39:18,2026-08-28,36.421899488338376,0.27710843373493976,0.6950666232043682,0.012048192771084338,83
2026-08-28 20:39:26,2026-08-28,36.421899488338376,0.27710843373493976,0.6950666232043682,0.012048192771084338,83
2026-08-28 20:42:45,2026-08-28,36.421899488338376,0.27710843373493976,0.6950666232043682,0.012048192771084338,83
2026-08-28 20:42:48,2026-08-28,36.421899488338376,0.27710843373493976,0.6950666232043682,0.012048192771084338,83
2026-08-28 20:46:20,2026-08-28,36.421899488338376,0.27710843373493976,0.6950666232043682,0.012048192771084338,83
2026-08-28 20:46:23,2026-08-28,36.421899488338376,0.27710843373493976,0.6950666232043682,0.012048192771084338,83
2026-08-28 20:46:25,2026-08-28,36.421899488338376,0.27710843373493976,0.6950666232043682,0.012048192771084338,83
2026-08-28 21:08:15,2026-08-28,36.421899488338376,0.27710843373493976,0.6950666232043682,0.012048192771084338,83
2026-08-28 21:15:56,2026-08-28,36.421899488338376,0.27710843373493976,0.6950666232043682,0.012048192771084338,83
2026-08-28 21:20:49,2026-08-28,36.421899488338376,0.27710843373493976,0.6950666232043682,0.012048192771084338,83
2026-08-28 21:28:24,2026-08-28,36.421899488338376,0.27710843373493976,0.6950666232043682,0.012048192771084338,83
2026-08-28 21:28:37,2026-08-28,36.421899488338376,0.27710843373493976,0.6950666232043682,0.012048192771084338,83
2026-08-29 14:46:35,2026-08-28,36.421899488338376,0.27710843373493976,0.6950666232043682,0.012048192771084338,83
2026-08-29 14:47:24,2026-08-28,36.421899488338376,0.27710843373493976,0.6950666232043682,0.012048192771084338,83
2026-08-29 14:48:34,2026-08-28,36.421899488338376,0.27710843373493976,0.6950666232043682,0.012048192771084338,83
2026-08-29 14:51:14,2026-08-28,36.421899488338376,0.27710843373493976,0.6950666232043682,0.012048192771084338,83
2026-08-29 14:52:24,2026-08-28,36.421899488338376,0.27710843373493976,0.6950666232043682,0.012048192771084338,83
2026-08-29 14:53:00,2026-08-28,36.421899488338376,0.27710843373493976,0.6950666232043682,0.012048192771084338,83
2026-08-29 14:53:43,2026-08-28,36.421899488338376,0.27710843373493976,0.6950666232043682,0.012048192771084338,83
2026-08-29 14:57:37,2026-08-28,36.421899488338376,0.27710843373493976,0.6950666232043682,0.012048192771084338,83
2026-08-29 14:58:06,2026-08-28,36.421899488338376,0.27710843373493976,0.6950666232043682,0.012048192771084338,83
2026-08-29 14:58:37,2026-08-28,36.421899488338376,0.27710843373493976,0.6950666232043682,0.012048192771084338,83
2026-08-29 14:58:40,2026-08-28,36.421899488338376,0.27710843373493976,0.6950666232043682,0.012048192771084338,83
2026-08-29 14:58:46,2026-08-28,36.421899488338376,0.27710843373493976,0.6950666232043682,0.012048192771084338,83
2026-08-29 14:59:12,2026-08-28,36.421899488338376,0.27710843373493976,0.6950666232043682,0.012048192771084338,83
2026-08-29 14:59:20,2026-08-28,36.421899488338376,0.27710843373493976,0.6950666232043682,0.012048192771084338,83
2026-08-29 14:59:22,2026-08-28,36.421899488338376,0.27710843373493976,0.6950666232043682,0.012048192771084338,83
2026-08-29 15:02:25,2026-08-28,36.421899488338376,0.27710843373493976,0.6950666232043682,0.012048192771084338,83
2026-08-29 15:10:52,2026-08-28,36.421899488338376,0.27710843373493976,0.6950666232043682,0.012048192771084338,83
2026-08-29 15:11:36,2026-08-28,36.421899488338376,0.27710843373493976,0.6950666232043682,0.012048192771084338,83
2026-08-29 15:13:25,2026-08-28,36.421899488338376,0.27710843373493976,0.6950666232043682,0.012048192771084338,83
2026-08-29 15:14:01,2026-08-28,36.421899488338376,0.27710843373493976,0.6950666232043682,0.012048192771084338,83
2026-08-29 15:14:03,2026-08-28,36.421899488338376,0.27710843373493976,0.6950666232043682,0.012048192771084338,83
2026-08-29 15:14:04,2026-08-28,36.421899488338376,0.27710843373493976,0.6950666232043682,0.012048192771084338,83
2026-08-29 15:14:08,2026-08-28,36.421899488338376,0.27710843373493976,0.6950666232043682,0.012048192771084338,83
2026-08-29 15:14:10,2026-08-28,36.421899488338376,0.27710843373493976,0.6950666232043682,0.012048192771084338,83
2026-08-29 15:14:14,2026-08-28,36.421899488338376,0.27710843373493976,0.6950666232043682,0.012048192771084338,83
2026-08-29 15:14:18,2026-08-28,36.421899488338376,0.27710843373493976,0.6950666232043682,0.012048192771084338,83
2026-08-29 15:14:19,2026-08-28,36.421899488338376,0.27710843373493976,0.6950666232043682,0.012048192771084338,83
2026-08-29 15:40:27,2026-08-28,36.421899488338376,0.27710843373493976,0.6950666232043682,0.012048192771084338,83
2026-08-29 15:44:08,2026-08-28,36.421899488338376,0.27710843373493976,0.6950666232043682,0.012048192771084338,83
2026-08-29 15:46:24,2026-08-28,36.421899488338376,0.27710843373493976,0.6950666232043682,0.012048192771084338,83
2026-08-29 16:05:01,2026-08-28,36.421899488338376,0.27710843373493976,0.6950666232043682,0.012048192771084338,83
2026-08-29 22:04:41,2026-08-28,36.421899488338376,0.27710843373493976,0.6950666232043682,0.012048192771084338,83
2026-08-29 22:10:46,2026-08-28,36.421899488338376,0.27710843373493976,0.6950666232043682,0.012048192771084338,83
2026-08-29 22:45:32,2026-08-28,36.421899488338376,0.27710843373493976,0.6950666232043682,0.012048192771084338,83
2026-08-29 22:59:59,2026-08-28,36.421899488338376,0.27710843373493976,0.6950666232043682,0.012048192771084338,83
2026-08-29 23:17:07,2026-08-28,36.421899488338376,0.27710843373493976,0.6950666232043682,0.012048192771084338,83
2026-08-29 23:56:12,2026-08-28,36.421899488338376,0.27710843373493976,0.6950666232043682,0.012048192771084338,83
2026-08-31 23:04:44,2026-08-31,73.99710850940001,0.7142857142857143,1.005627540996286,0.07142857142857142,84
2026-08-31 23:06:05,2026-08-31,73.99710850940001,0.7142857142857143,1.005627540996286,0.07142857142857142,84
2026-09-02 21:34:53,2026-08-31,73.99710850940001,0.7142857142857143,1.005627540996286,0.07142857142857142,84
2026-09-02 21:39:13,2026-08-31,73.99710850940001,0.7142857142857143,1.005627540996286,0.07142857142857142,84
2026-09-02 21:41:39,2026-08-31,73.99710850940001,0.7142857142857143,1.005627540996286,0.07142857142857142,84
2026-09-02 21:53:10,2026-09-02,30.30297051894297,0.2111111111111111,0.697978004457178,0.0,90
2026-09-02 21:53:50,2026-09-02,30.30297051894297,0.2111111111111111,0.697978004457178,0.0,90
2026-09-02 21:55:30,2026-09-02,30.30297051894297,0.2111111111111111,0.697978004457178,0.0,90
2026-09-02 21:55:35,2026-09-02,30.30297051894297,0.2111111111111111,0.697978004457178,0.0,90
2026-09-02 21:55:37,2026-09-02,30.30297051894297,0.2111111111111111,0.697978004457178,0.0,90
2026-09-02 21:55:38,2026-09-02,30.30297051894297,0.2111111111111111,0.697978004457178,0.0,90
2026-09-02 21:55:40,2026-09-02,30.30297051894297,0.2111111111111111,0.697978004457178,0.0,90
2026-09-02 22:00:23,2026-09-02,30.538614877454034,0.22093023255813954,0.6952282137654814,0.0,0,86,86
2026-09-02 22:00:39,2026-09-02,30.538614877454034,0.22093023255813954,0.6952282137654814,0.0,0,86,86
2026-09-02 22:00:48,2026-09-02,30.538614877454034,0.22093023255813954,0.6952282137654814,0.0,0,86,86
2026-09-02 22:11:36,2026-09-02,30.538614877454034,0.22093023255813954,0.6952282137654814,0.0,0,86,86
2026-09-02 22:29:56,2026-09-02,30.538614877454034,0.22093023255813954,0.6952282137654814,0.0,0,86,86
2026-09-02 22:31:48,2026-09-02,30.538614877454034,0.22093023255813954,0.6952282137654814,0.0,0,86,86
2026-09-02 22:52:26,2026-09-02,30.538614877454034,0.22093023255813954,0.6952282137654814,0.0,0,86,86
2026-09-02 23:02:38,2026-09-02,30.538614877454034,0.22093023255813954,0.6952282137654814,0.0,0,86,86
2026-09-02 23:32:31,2026-09-02,30.538614877454034,0.22093023255813954,0.6952282137654814,0.0,0,86,86
2026-09-03 22:39:46,2026-09-03,81.32808028851584,0.5517241379310345,1.4283481557819118,0.04597701149425287,4,87,87
2026-09-03 22:40:37,2026-09-03,81.32808028851584,0.5517241379310345,1.4283481557819118,0.04597701149425287,4,87,87
2026-09-03 22:51:26,2026-09-03,81.32808028851584,0.5517241379310345,1.4283481557819118,0.04597701149425287,4,87,87
2026-09-03 22:51:51,2026-09-03,81.32808028851584,0.5517241379310345,1.4283481557819118,0.04597701149425287,4,87,87
2026-09-03 22:55:19,2026-09-03,80.36803221571647,0.5393258426966292,1.422276921527674,0.0449438202247191,4,89,89
2026-09-03 22:55:43,2026-09-03,80.36803221571647,0.5393258426966292,1.422276921527674,0.0449438202247191,4,89,89
2026-09-03 22:58:43,2026-09-03,80.12126590347235,0.5444444444444444,1.4147490882152813,0.044444444444444446,4,90,90
2026-09-03 22:59:08,2026-09-03,80.12126590347235,0.5444444444444444,1.4147490882152813,0.044444444444444446,4,90,90
2026-09-03 23:06:19,2026-09-03,80.52990785302744,0.5494505494505495,1.426886246579834,0.04395604395604396,4,91,91
2026-09-03 23:06:45,2026-09-03,80.52990785302744,0.5494505494505495,1.426886246579834,0.04395604395604396,4,91,91
2026-09-03 23:11:21,2026-09-03,80.52990785302744,0.5494505494505495,1.426886246579834,0.04395604395604396,4,91,91
2026-09-05 12:41:56,2026-09-04,53.490736638131374,0.24731182795698925,1.3574102711869518,0.0,0,93,93
2026-09-05 12:42:29,2026-09-04,53.490736638131374,0.24731182795698925,1.3574102711869518,0.0,0,93,93
2026-09-05 12:43:15,2026-09-04,53.490736638131374,0.24731182795698925,1.3574102711869518,0.0,0,93,93
2026-09-05 12:52:29,2026-09-04,53.490736638131374,0.24731182795698925,1.3574102711869518,0.0,0,93,93
2026-09-05 12:54:52,2026-09-04,53.490736638131374,0.24731182795698925,1.3574102711869518,0.0,0,93,93
2026-09-05 12:55:25,2026-09-04,53.490736638131374,0.24731182795698925,1.3574102711869518,0.0,0,93,93
2026-09-05 12:56:09,2026-09-04,53.490736638131374,0.24731182795698925,1.3574102711869518,0.0,0,93,93
2026-09-05 12:56:34,2026-09-04,53.490736638131374,0.24731182795698925,1.3574102711869518,0.0,0,93,93
2026-09-05 12:57:29,2026-09-04,53.490736638131374,0.24731182795698925,1.3574102711869518,0.0,0,93,93
2026-09-05 12:57:54,2026-09-04,53.490736638131374,0.24731182795698925,1.3574102711869518,0.0,0,93,93
2026-09-05 13:33:32,2026-09-04,53.490736638131374,0.24731182795698925,1.3574102711869518,0.0,0,93,93
2026-09-05 13:34:47,2026-09-04,53.490736638131374,0.24731182795698925,1.3574102711869518,0.0,0,93,93
2026-09-05 17:41:48,2026-09-04,53.490736638131374,0.24731182795698925,1.3574102711869518,0.0,0,93,93
2026-09-05 17:41:50,2026-09-04,53.490736638131374,0.24731182795698925,1.3574102711869518,0.0,0,93,93
2026-09-05 17:41:51,2026-09-04,53.490736638131374,0.24731182795698925,1.3574102711869518,0.0,0,93,93
2026-09-05 17:42:42,2026-09-04,53.490736638131374,0.24731182795698925,1.3574102711869518,0.0,0,93,93
2026-09-05 17:42:44,2026-09-04,53.490736638131374,0.24731182795698925,1.3574102711869518,0.0,0,93,93
2026-09-05 17:58:16,2026-09-04,53.490736638131374,0.24731182795698925,1.3574102711869518,0.0,0,93,93
2026-09-05 17:58:23,2026-09-04,53.490736638131374,0.24731182795698925,1.3574102711869518,0.0,0,93,93
2026-09-05 17:58:28,2026-09-04,53.490736638131374,0.24731182795698925,1.3574102711869518,0.0,0,93,93
2026-09-05 17:58:35,2026-09-04,53.490736638131374,0.24731182795698925,1.3574102711869518,0.0,0,93,93
2026-09-05 18:07:08,2026-09-04,53.490736638131374,0.24731182795698925,1.3574102711869518,0.0,0,93,93
2026-09-05 18:09:46,2026-09-04,53.490736638131374,0.24731182795698925,1.3574102711869518,0.0,0,93,93
2026-09-05 18:09:54,2026-09-04,53.490736638131374,0.24731182795698925,1.3574102711869518,0.0,0,93,93
2026-09-05 18:10:11,2026-09-04,53.490736638131374,0.24731182795698925,1.3574102711869518,0.0,0,93,93
2026-09-05 18:10:38,2026-09-04,53.490736638131374,0.24731182795698925,1.3574102711869518,0.0,0,93,93
2026-09-05 18:10:42,2026-09-04,53.490736638131374,0.24731182795698925,1.3574102711869518,0.0,0,93,93
2026-09-05 18:29:18,2026-09-04,53.490736638131374,0.24731182795698925,1.3574102711869518,0.0,0,93,93
2026-09-05 18:37:12,2026-09-04,53.490736638131374,0.24731182795698925,1.3574102711869518,0.0,0,93,93
2026-09-05 18:57:14,2026-09-04,53.490736638131374,0.24731182795698925,1.3574102711869518,0.0,0,93,93
2026-09-05 19:05:25,2026-09-04,53.490736638131374,0.24731182795698925,1.3574102711869518,0.0,0,93,93
2026-09-05 19:07:10,2026-09-04,53.490736638131374,0.24731182795698925,1.3574102711869518,0.0,0,93,93
2026-09-05 19:08:33,2026-09-04,53.490736638131374,0.24731182795698925,1.3574102711869518,0.0,0,93,93
2026-09-05 19:08:52,2026-09-04,53.490736638131374,0.24731182795698925,1.3574102711869518,0.0,0,93,93
2026-09-05 19:08:55,2026-09-04,53.490736638131374,0.24731182795698925,1.3574102711869518,0.0,0,93,93
2026-09-05 19:08:59,2026-09-04,53.490736638131374,0.24731182795698925,1.3574102711869518,0.0,0,93,93
2026-09-05 19:09:02,2026-09-04,53.490736638131374,0.24731182795698925,1.3574102711869518,0.0,0,93,93
2026-09-05 19:09:04,2026-09-04,53.490736638131374,0.24731182795698925,1.3574102711869518,0.0,0,93,93
2026-09-05 19:09:38,2026-09-04,53.490736638131374,0.24731182795698925,1.3574102711869518,0.0,0,93,93
2026-09-05 19:09:52,2026-09-04,53.490736638131374,0.24731182795698925,1.3574102711869518,0.0,0,93,93
2026-09-05 19:09:54,2026-09-04,53.490736638131374,0.24731182795698925,1.3574102711869518,0.0,0,93,93
2026-09-05 19:10:05,2026-09-04,53.490736638131374,0.24731182795698925,1.3574102711869518,0.0,0,93,93
2026-09-05 19:10:49,2026-09-04,53.490736638131374,0.24731182795698925,1.3574102711869518,0.0,0,93,93
2026-09-05 19:10:51,2026-09-04,53.490736638131374,0.24731182795698925,1.3574102711869518,0.0,0,93,93
2026-09-05 19:10:57,2026-09-04,53.490736638131374,0.24731182795698925,1.3574102711869518,0.0,0,93,93
2026-09-05 19:14:34,2026-09-04,53.490736638131374,0.24731182795698925,1.3574102711869518,0.0,0,93,93
2026-09-05 19:15:30,2026-09-04,53.490736638131374,0.24731182795698925,1.3574102711869518,0.0,0,93,93
2026-09-05 19:26:11,2026-09-04,53.490736638131374,0.24731182795698925,1.3574102711869518,0.0,0,93,93
2026-09-05 19:30:02,2026-09-04,53.490736638131374,0.24731182795698925,1.3574102711869518,0.0,0,93,93
2026-09-05 19:31:22,2026-09-04,53.490736638131374,0.24731182795698925,1.3574102711869518,0.0,0,93,93
2026-09-05 19:31:27,2026-09-04,53.490736638131374,0.24731182795698925,1.3574102711869518,0.0,0,93,93
2026-09-05 19:32:21,2026-09-04,53.490736638131374,0.24731182795698925,1.3574102711869518,0.0,0,93,93
2026-09-05 19:32:29,2026-09-04,53.490736638131374,0.24731182795698925,1.3574102711869518,0.0,0,93,93
2026-09-05 19:32:31,2026-09-04,53.490736638131374,0.24731182795698925,1.3574102711869518,0.0,0,93,93
2026-09-05 19:53:34,2026-09-04,53.490736638131374,0.24731182795698925,1.3574102711869518,0.0,0,93,93
2026-09-05 19:56:50,2026-09-04,53.490736638131374,0.24731182795698925,1.3574102711869518,0.0,0,93,93
2026-09-05 19:57:21,2026-09-04,53.490736638131374,0.24731182795698925,1.3574102711869518,0.0,0,93,93
2026-09-05 19:57:29,2026-09-04,53.490736638131374,0.24731182795698925,1.3574102711869518,0.0,0,93,93
2026-09-05 20:00:15,2026-09-04,53.490736638131374,0.24731182795698925,1.3574102711869518,0.0,0,93,93
2026-09-05 20:00:25,2026-09-04,53.490736638131374,0.24731182795698925,1.3574102711869518,0.0,0,93,93
2026-09-05 20:05:58,2026-09-04,53.490736638131374,0.24731182795698925,1.3574102711869518,0.0,0,93,93
2026-09-05 20:15:14,2026-09-04,53.490736638131374,0.24731182795698925,1.3574102711869518,0.0,0,93,93
2026-09-05 20:19:26,2026-09-04,53.490736638131374,0.24731182795698925,1.3574102711869518,0.0,0,93,93
2026-09-05 20:45:08,2026-09-04,53.490736638131374,0.24731182795698925,1.3574102711869518,0.0,0,93,93
2026-09-05 20:46:06,2026-09-04,53.490736638131374,0.24731182795698925,1.3574102711869518,0.0,0,93,93
2026-09-05 20:46:45,2026-09-04,53.490736638131374,0.24731182795698925,1.3574102711869518,0.0,0,93,93
2026-09-05 20:46:46,2026-09-04,53.490736638131374,0.24731182795698925,1.3574102711869518,0.0,0,93,93
2026-09-05 20:46:49,2026-09-04,53.490736638131374,0.24731182795698925,1.3574102711869518,0.0,0,93,93
2026-09-05 20:46:50,2026-09-04,53.490736638131374,0.24731182795698925,1.3574102711869518,0.0,0,93,93
2026-09-05 20:46:53,2026-09-04,53.490736638131374,0.24731182795698925,1.3574102711869518,0.0,0,93,93
2026-09-05 20:46:54,2026-09-04,53.490736638131374,0.24731182795698925,1.3574102711869518,0.0,0,93,93
2026-09-05 20:46:56,2026-09-04,53.490736638131374,0.24731182795698925,1.3574102711869518,0.0,0,93,93
2026-09-05 20:49:21,2026-09-04,53.490736638131374,0.24731182795698925,1.3574102711869518,0.0,0,93,93
2026-09-05 20:49:22,2026-09-04,53.490736638131374,0.24731182795698925,1.3574102711869518,0.0,0,93,93
2026-09-05 20:49:23,2026-09-04,53.490736638131374,0.24731182795698925,1.3574102711869518,0.0,0,93,93
2026-09-05 20:49:24,2026-09-04,53.490736638131374,0.24731182795698925,1.3574102711869518,0.0,0,93,93
2026-09-05 20:49:25,2026-09-04,53.490736638131374,0.24731182795698925,1.3574102711869518,0.0,0,93,93
2026-09-05 20:49:26,2026-09-04,53.490736638131374,0.24731182795698925,1.3574102711869518,0.0,0,93,93
2026-09-05 20:49:28,2026-09-04,53.490736638131374,0.24731182795698925,1.3574102711869518,0.0,0,93,93
2026-09-05 20:49:29,2026-09-04,53.490736638131374,0.24731182795698925,1.3574102711869518,0.0,0,93,93
2026-09-05 20:49:32,2026-09-04,53.490736638131374,0.24731182795698925,1.3574102711869518,0.0,0,93,93
2026-09-05 20:49:35,2026-09-04,53.490736638131374,0.24731182795698925,1.3574102711869518,0.0,0,93,93
2026-09-05 20:49:45,2026-09-04,53.490736638131374,0.24731182795698925,1.3574102711869518,0.0,0,93,93
2026-09-05 20:49:47,2026-09-04,53.490736638131374,0.24731182795698925,1.3574102711869518,0.0,0,93,93
2026-09-05 20:49:53,2026-09-04,53.490736638131374,0.24731182795698925,1.3574102711869518,0.0,0,93,93
2026-09-05 20:49:54,2026-09-04,53.490736638131374,0.24731182795698925,1.3574102711869518,0.0,0,93,93
2026-09-05 20:49:56,2026-09-04,53.490736638131374,0.24731182795698925,1.3574102711869518,0.0,0,93,93
2026-09-05 20:50:01,2026-09-04,53.490736638131374,0.24731182795698925,1.3574102711869518,0.0,0,93,93
2026-09-05 20:50:16,2026-09-04,53.490736638131374,0.24731182795698925,1.3574102711869518,0.0,0,93,93
2026-09-05 20:51:01,2026-09-04,53.490736638131374,0.24731182795698925,1.3574102711869518,0.0,0,93,93
2026-09-05 20:51:28,2026-09-04,53.490736638131374,0.24731182795698925,1.3574102711869518,0.0,0,93,93
2026-09-05 20:52:12,2026-09-04,53.490736638131374,0.24731182795698925,1.3574102711869518,0.0,0,93,93
2026-09-05 20:52:21,2026-09-04,53.490736638131374,0.24731182795698925,1.3574102711869518,0.0,0,93,93
2026-09-05 20:52:25,2026-09-04,53.490736638131374,0.24731182795698925,1.3574102711869518,0.0,0,93,93
2026-09-05 20:52:26,2026-09-04,53.490736638131374,0.24731182795698925,1.3574102711869518,0.0,0,93,93
2026-09-05 20:52:27,2026-09-04,53.490736638131374,0.24731182795698925,1.3574102711869518,0.0,0,93,93
2026-09-05 20:52:45,2026-09-04,53.490736638131374,0.24731182795698925,1.3574102711869518,0.0,0,93,93
2026-09-05 20:53:47,2026-09-04,53.490736638131374,0.24731182795698925,1.3574102711869518,0.0,0,93,93
2026-09-05 20:55:16,2026-09-04,53.490736638131374,0.24731182795698925,1.3574102711869518,0.0,0,93,93
2026-09-05 20:55:37,2026-09-04,53.490736638131374,0.24731182795698925,1.3574102711869518,0.0,0,93,93
2026-09-05 20:55:41,2026-09-04,53.490736638131374,0.24731182795698925,1.3574102711869518,0.0,0,93,93
2026-09-05 20:55:44,2026-09-04,53.490736638131374,0.24731182795698925,1.3574102711869518,0.0,0,93,93
2026-09-05 20:56:33,2026-09-04,53.490736638131374,0.24731182795698925,1.3574102711869518,0.0,0,93,93
2026-09-05 20:56:53,2026-09-04,53.490736638131374,0.24731182795698925,1.3574102711869518,0.0,0,93,93
2026-09-05 20:57:16,2026-09-04,53.490736638131374,0.24731182795698925,1.3574102711869518,0.0,0,93,93
2026-09-05 20:57:33,2026-09-04,53.490736638131374,0.24731182795698925,1.3574102711869518,0.0,0,93,93
2026-09-05 20:57:34,2026-09-04,53.490736638131374,0.24731182795698925,1.3574102711869518,0.0,0,93,93
2026-09-05 20:58:47,2026-09-04,53.490736638131374,0.24731182795698925,1.3574102711869518,0.0,0,93,93
2026-09-05 21:06:17,2026-09-04,53.490736638131374,0.24731182795698925,1.3574102711869518,0.0,0,93,93
2026-09-05 21:09:19,2026-09-04,53.490736638131374,0.24731182795698925,1.3574102711869518,0.0,0,93,93
2026-09-05 21:11:07,2026-09-04,53.490736638131374,0.24731182795698925,1.3574102711869518,0.0,0,93,93
2026-09-05 21:15:51,2026-09-04,53.490736638131374,0.24731182795698925,1.3574102711869518,0.0,0,93,93
2026-09-05 21:16:46,2026-09-04,53.490736638131374,0.24731182795698925,1.3574102711869518,0.0,0,93,93
2026-09-05 21:18:37,2026-09-04,53.490736638131374,0.24731182795698925,1.3574102711869518,0.0,0,93,93
2026-09-05 21:19:14,2026-09-04,53.490736638131374,0.24731182795698925,1.3574102711869518,0.0,0,93,93
2026-09-05 21:21:28,2026-09-04,53.490736638131374,0.24731182795698925,1.3574102711869518,0.0,0,93,93
2026-09-05 21:22:59,2026-09-04,53.490736638131374,0.24731182795698925,1.3574102711869518,0.0,0,93,93
2026-09-05 21:27:55,2026-09-04,53.490736638131374,0.24731182795698925,1.3574102711869518,0.0,0,93,93
2026-09-05 21:28:04,2026-09-04,53.490736638131374,0.24731182795698925,1.3574102711869518,0.0,0,93,93
2026-09-05 21:28:12,2026-09-04,53.490736638131374,0.24731182795698925,1.3574102711869518,0.0,0,93,93
