archive_time,date,open,close,high,low,volume,turnover,amount,symbol,振幅,涨跌幅,涨跌额,industry,market_cap,pe_ttm,pb,ret_5,ret_20,ret_60,ret_120,daily_return,vol_20,sma_20_ratio,sma_60_ratio,volume_ratio_20,obv,obv_slope_20,amount_log,market_cap_log,earnings_yield,book_to_price,amount_ma20,rsi_14,macd_pct,signal_pct,atr_pct_14,vwap_dev,body_pct,close_position,upper_shadow_pct,lower_shadow_pct,bollinger_pctb,money_flow_20,entry_open,exit_open,entry_gap_return,entry_volume,future_return,future_market_return,future_excess_return,future_industry_return,future_industry_excess_return,model_raw,model_score,technical_score,volume_price_score,candle_score,sentiment_score,sentiment_source,news_count,composite_score,odds_sample_count,odds_win_rate,odds_avg_gain,odds_avg_loss,odds_reward_risk,odds_expected_return,credibility_score,credibility_grade,credibility_strategy,credibility_conditional,credibility_stability,credibility_agreement,run_id
2026-09-15 23:36:36,2026-09-15,24.56,25.3,25.3,24.56,6055200.0,0.0245,141441100.0,002882,,,,线缆部件及其他,10519000000.0,133.72,4.98,-0.0361904761904762,0.0784313725490195,0.099521946979574,-0.1417910447761193,0.0919292188174363,0.7099316075709056,0.0289572149015779,0.1258621968404658,0.5711883851117132,2255314472.0,0.0341776370560121,18.76739394104277,23.07644898270355,0.0074783128926114,0.2008032128514056,334899040.66550004,54.93329617933807,0.0156421916371903,0.0238351414111522,0.0484754376058724,0.0098456625864822,1.0,1.0,0.0,0.0,0.6489218803787451,0.0121498717486055,,,,,,,,,,0.0365036470083754,98.91304347826086,75.70652173913044,68.26086956521739,76.52173913043478,50.0,无新闻/中性,3,79.85054347826087,1966,0.4669379450661241,0.1146772271263471,0.0708883311814044,1.617716558073376,0.0157592692898651,45.47822670694827,低,27.784531322297926,0.0,98.91304347826086,82.40172409737814,20260915T233549_score_74965937
2026-09-15 23:36:36,2026-09-15,51.07,49.92,51.87,49.89,19312500.0,0.05,335499400.0,605277,,,,线缆部件及其他,6594000000.0,26.34,3.74,0.0458830923947204,0.1289009497964721,-0.028793774319066,-0.0476917207172834,-0.0405535268114549,0.6167941396042805,0.0340756084930089,0.0658885073219337,1.0660971982551612,546322036.0,0.1059812413551,19.631130728979485,22.60942598159595,0.037965072133637,0.267379679144385,309761140.0,54.83883648097551,0.0305345926850853,0.0263146144307635,0.0494934752747252,-0.0126582278481012,0.580808080808081,0.0151515151515157,0.4040404040404032,0.0151515151515157,0.6374511534366231,0.0103187300704107,,,,,,,,,,0.0257283945343395,96.7391304347826,78.96739130434781,66.25,30.65217391304348,55.48640865634246,关键词新闻评分,8,75.46440173519946,1236,0.4919093851132686,0.1199177035541414,0.0734667914924349,1.6322708684847038,0.0216608565563663,42.8887341669384,低,27.784531322297926,0.0,98.91304347826086,65.13844049731232,20260915T233549_score_74965937
2026-09-15 23:36:36,2026-09-15,28.1,27.56,28.25,27.47,36463000.0,0.0174,312190300.0,002739,,,,影视动漫,17866000000.0,-101.09,2.49,-0.0264924055104203,-0.0306014773126979,0.0325964780816785,-0.1103938024531956,-0.0202630643441166,0.2748452215211644,-0.0015216288674733,-0.0543832561331273,1.074516815863276,2382179274.0,0.0420773274062487,19.55912349893907,23.60616530222606,,0.4016064257028112,478338368.4345,45.06457079647418,-0.0080679982616523,-0.0119196310110189,0.0263580758863778,-0.0072046109510087,0.6923076923076947,0.115384615384615,0.1923076923076902,0.115384615384615,0.4884277066897159,-0.0035481598498467,,,,,,,,,,0.0096299910695082,89.13043478260869,73.36956521739131,60.869565217391305,59.23913043478261,64.18181818181819,关键词新闻评分,9,74.05405138339921,1761,0.416808631459398,0.0884786727457534,0.0704008425170671,1.256784288118479,-0.0041784891934383,44.52908807399701,低,27.784531322297926,0.0,90.21739130434784,87.6683361095871,20260915T233549_score_74965937
2026-09-15 23:36:36,2026-09-15,127.77,130.02,132.42,126.35,74780900.0,0.0588,3003081500.0,600498,,,,通信传输设备,51339000000.0,150.08,2.92,0.47833996588971,-0.0152238127698249,-0.4910756223579144,-0.0764313112658047,-0.0081623312228239,2.125862931907492,0.0919397845850216,-0.0818477443409914,1.0826640321521923,5829691066.0,-0.0176409718674799,21.822904765439464,24.66171653420984,0.0066631130063965,0.3424657534246575,3650239444.3,55.10266814649408,-0.0495523998649244,-0.0727610455255859,0.0864702133737666,0.0032665449214228,0.3706754530477787,0.6046128500823756,0.3953871499176243,0.2339373970345969,0.6447939902217759,0.0307813366654889,,,,,,,,,,0.0325229018278998,97.82608695652172,43.369565217391305,71.57608695652173,68.04347826086956,50.0,无新闻/中性,7,71.20108695652173,1970,0.4725888324873096,0.1004749429985275,0.070586076018512,1.4234385684249788,0.0102554512428401,27.334768834576376,低,27.784531322297926,0.0,18.47826086956522,68.69171509315971,20260915T233549_score_74965937
2026-09-15 23:36:36,2026-09-15,68.59,71.71,72.25,67.8,30244100.0,0.0491,2038410500.0,603650,,,,其他化学制品,35215000000.0,58.63,8.39,0.1510433386837881,-0.0254145148138081,-0.0204890042343942,0.4082875098193241,0.0272167311273454,0.5365030487808079,0.0873636246465043,-0.0028297885654295,1.7434717305041114,1798996037.0,-0.0340791479877641,21.43543617491833,24.284737965143783,0.0170561146170902,0.1191895113230035,1109687730.0,59.64408661698904,0.0020026918958474,-0.0123390259119908,0.0434986154551069,0.015914242538723,0.7011235955056153,0.8786516853932571,0.1213483146067429,0.1775280898876417,0.9671380231191712,0.0056708841188826,,,,,,,,,,2.6020852139652106e-17,66.30434782608695,74.40217391304347,70.97826086956522,85.16304347826087,50.0,无新闻/中性,3,69.51902173913044,1850,0.4967567567567567,0.1370631719339552,0.0886021804079612,1.5469503267623823,0.0234986081337799,31.40576721222501,低,27.784531322297926,0.0,25.0,87.13605210357093,20260915T233549_score_74965937
2026-09-15 23:36:36,2026-09-15,139.73,132.0,142.26,130.05,74849600.0,0.1008,2597164600.0,300209,,,,软件开发,32326000000.0,-442.54,34.4,-0.0521327014218009,-0.0762124711316396,0.1178861788617886,2.166986564299424,-0.0706188833345068,0.6701534161971959,-0.0313490665727368,0.0671697096274337,1.5056402258140904,3323968505.0,0.0243874975567055,21.677686148827608,24.199137696934027,,0.0290697674418604,2586114844.2345,47.55419034251752,0.024522095943331,0.0287498781662451,0.0664448051948051,-0.0205535356533353,0.6330876330876333,0.159705159705159,0.2072072072072076,0.159705159705159,0.3227415803918818,-0.0114500181062841,,,,,,,,,,0.0082782858035886,86.95652173913044,58.53260869565217,51.46739130434783,61.84782608695652,68.0,关键词新闻评分,3,68.34619565217392,1952,0.4677254098360656,0.1825617650537594,0.1039474121597496,1.756289658978646,0.0300602101742328,31.09806817945445,低,27.784531322297926,0.0,23.91304347826086,86.53400058075272,20260915T233549_score_74965937
2026-09-15 23:36:36,2026-09-15,97.36,94.62,98.22,94.4,591646.0,0.0112,55740700.0,688667,,,,汽车零部件,4664000000.0,29.65,2.57,-0.0136557906807046,-0.0502860584161396,-0.256073590691092,-0.0356706074194863,-0.0108718377587287,0.4807091429574897,0.0183994274059444,-0.048201840491826,0.8272828876360049,33394504.0,0.0438292256894517,17.836221156185857,22.2631392859946,0.0337268128161888,0.3891050583657587,65317495.0,50.836362557996885,0.0051551602821111,-0.0022499435884311,0.0493100220430594,-0.011767163347723,0.7172774869109947,0.057591623036649,0.2251308900523563,0.057591623036649,0.6425248400104847,-0.0057789913549936,,,,,,,,,,0.0194188100389274,93.47826086956522,58.85869565217392,49.02173913043478,45.97826086956522,54.0,关键词新闻评分,8,67.23423913043479,1189,0.479394449116905,0.1565186393423976,0.1202787537927305,1.301299143921271,0.0124163800062795,41.802882359091214,低,27.784531322297926,0.0,96.7391304347826,60.79797916963545,20260915T233549_score_74965937
2026-09-15 23:36:36,2026-09-15,68.54,69.37,69.51,68.14,25751400.0,0.0078,354648300.0,601058,,,,轮胎,50505000000.0,13.11,2.23,-0.0373300027754648,0.005653812699333,0.1672555948174323,0.074171570145556,0.0147747220596841,0.3493482866743894,-0.0276892025425569,0.0271533524013058,0.6407080795365357,2996411535.0,0.0845123361690382,19.68663715496224,24.64533817822756,0.07627765064836,0.4484304932735426,586519665.0,46.40615645875457,0.0060162327450603,0.0153673669124382,0.0321567577586029,0.0052651917689112,0.6058394160583909,0.8978102189781021,0.1021897810218978,0.2919708029197112,0.3134662608173313,0.0015270321824229,,,,,,,,,,1.7347234759768068e-17,54.891304347826086,79.34782608695653,67.22826086956522,86.57608695652173,59.0,关键词新闻评分,10,67.05217391304349,1971,0.5560629122272958,0.0923081442475439,0.0644352255381393,1.432572687945454,0.0227239491372075,45.239640855119205,低,27.784531322297926,0.0,94.56521739130434,86.60825320112639,20260915T233549_score_74965937
2026-09-15 23:36:36,2026-09-15,97.02,97.06,97.34,95.96,84186.0,0.99,193562785.8,000034,1.42,0.0,0.0,IT服务,23853000000.0,40.25,2.09,-0.0140186915887849,0.0492972972972973,0.0646045848415048,0.1135842129417163,0.0,1.1837067282239968,0.0113893317494555,0.0202969646533222,0.4584940757561441,38479058.6,-0.0166616801743891,19.08111249738856,23.895175832533862,0.0248447204968944,0.4784688995215311,434103017.9755,52.20505623519652,0.0081099316385632,0.0064339701241299,0.0558123105001324,0.0028240804518528,0.0289855072463811,0.7971014492753629,0.202898550724637,0.7681159420289818,0.5559104052557283,-0.0047986472822352,,,,,,,,,,0.0031535632262574,80.43478260869566,66.03260869565217,43.31521739130435,73.26086956521738,50.85714285714285,关键词新闻评分,9,65.73517080745341,1878,0.5079872204472844,0.121094187522221,0.0864538534052308,1.4006800478241537,0.0189778990147846,29.08509013402194,低,27.784531322297926,0.0,22.82608695652173,74.56342230685476,20260915T233549_score_74965937
2026-09-15 23:36:36,2026-09-15,24.99,24.28,25.21,24.21,21689100.0,0.0494,515824300.0,603533,,,,移动互联网服务,10534000000.0,-158.51,4.63,-0.0448465774980331,0.0946798917944093,0.0635129215943934,-0.0311252992817238,-0.0256821829855538,0.6672809124721478,0.0356152697803369,0.1080686381891202,0.6792960209265682,1111010066.0,-0.0106954341503983,20.061276763523903,23.077873958007608,,0.2159827213822894,757268090.0,53.64882758655274,0.0319080611254668,0.0290460185861298,0.0591903977406448,-0.0116689280868385,0.7099999999999973,0.0700000000000002,0.2200000000000024,0.0700000000000002,0.6130295102685546,0.0114808760376869,,,,,,,,,,0.0013607010738542,72.82608695652173,79.40217391304348,50.48913043478261,49.56521739130434,51.267605633802816,关键词新闻评分,10,65.52078230251072,1958,0.4305413687436159,0.1551882218635878,0.0987223437653723,1.5719665472328597,0.0105966586989858,44.47812977377078,低,27.784531322297926,0.0,98.91304347826086,75.73441120952822,20260915T233549_score_74965937
2026-09-15 23:36:36,2026-09-15,5.68,5.35,5.72,5.32,1000670.0,8.61,544533134.28,001330,7.07,-5.48,-0.31,影视动漫,7931000000.0,-13.73,2.14,-0.1258169934640524,0.0873983739837398,-0.1666666666666667,-0.2074074074074074,-0.0547703180212014,0.8250435959433382,-0.0204156367298361,0.0166914768948152,0.0285014169199141,4041961310.0,0.0337153266003943,20.115439352994454,22.7940449680476,,0.4672897196261682,730641180.7184999,47.08948649966571,0.0279083283085447,0.0284139009551178,0.0777036048064085,-0.0207443563148262,0.8250000000000013,0.0749999999999985,0.1000000000000002,0.0749999999999985,0.4521425241685644,0.0160925918272716,,,,,,,,,,0.0066946254217615,84.78260869565217,61.25000000000001,45.869565217391305,57.934782608695656,53.333333333333336,关键词新闻评分,8,65.28713768115941,845,0.4757396449704142,0.1365352584115949,0.124102069136223,1.1001851891907162,-0.0001065594625865,43.54627617473958,低,27.784531322297926,0.0,94.56521739130434,75.3191553319289,20260915T233549_score_74965937
2026-09-15 23:36:36,2026-09-15,86.33,83.72,87.82,83.48,10636500.0,0.0697,900861700.0,301021,,,,其他电子,10675000000.0,142.34,10.15,0.1449671772428882,0.0314155476161142,-0.295167536622327,0.6284769500097258,-0.033702677746999,1.0022093371663887,0.089529610036374,0.04272446848702,1.3947459246363958,597447990.0,-0.0626410411680826,20.6188623087855,23.0911703960611,0.0070254320640719,0.0985221674876847,777914792.4219999,57.48767191352799,0.0209586923584632,0.0091028296851396,0.0749180943280322,-0.0151360677593915,0.601382488479264,0.0552995391705058,0.3433179723502301,0.0552995391705058,0.9272785022344168,0.0071803113998958,,,,,,,,,,0.0054050380612592,82.6086956521739,54.40217391304348,49.89130434782608,38.53260869565217,66.71428571428572,关键词新闻评分,8,63.01653726708074,1121,0.5182872435325602,0.1648163825271764,0.1154120822736954,1.4280687019953469,0.0298267563073095,40.41367731003222,低,27.784531322297926,0.0,88.04347826086956,63.13081507445955,20260915T233549_score_74965937
2026-09-15 23:36:36,2026-09-15,236.33,246.21,250.21,235.5,14349700.0,0.0648,3495850000.0,300666,,,,半导体材料,60763000000.0,77.25,8.33,0.0423793395427605,-0.1199871327471583,-0.1634899602487003,0.8657926644437708,0.0318943839061189,0.6442451004772655,0.0290844571507389,-0.0687955158765428,1.5154261488805942,1710698161.0,-0.0096600727111632,21.974842387926767,24.830246888043643,0.0129449838187702,0.120048019207683,2811118860.839,52.19374106635345,-0.0137450000927692,-0.0193713735267234,0.0516080929752185,0.0091676685976609,0.6716519374575112,0.7280761386811694,0.2719238613188305,0.0564242012236581,0.6974457264971379,-0.0144021456784529,,,,,,,,,,0.0011864557083135,71.73913043478261,51.08695652173913,61.52173913043479,66.1413043478261,54.09090909090909,关键词新闻评分,4,62.20800395256917,1956,0.5066462167689162,0.1279373167350321,0.0820897487422836,1.5585054004329386,0.0243196694008758,39.45386526405006,低,27.784531322297926,0.0,61.95652173913044,91.51467679689728,20260915T233549_score_74965937
2026-09-15 23:36:36,2026-09-15,58.42,55.83,59.12,55.63,81300600.0,0.1367,1021826200.0,603466,,,,装修装饰,7370000000.0,126.22,3.48,-0.0208698702209751,0.0050405040504051,0.1370672097759673,0.3026131591227252,-0.0443341321465252,0.5691961094107055,0.0312534633713843,0.0750700441928307,1.110963909858994,3253852656.0,0.1412806303270116,20.744857256536527,22.720683543147658,0.007922674694977,0.2873563218390804,885112875.0,53.07169846219748,0.0268866406733009,0.0220578684457681,0.0603746065863206,-0.0181146676046428,0.7421203438395436,0.0573065902578785,0.2005730659025778,0.0573065902578785,0.6514600067810383,0.0054445063549957,,,,,,,,,,1.821459649775648e-17,56.52173913043478,78.75,64.29347826086956,47.5,51.21621621621622,关键词新闻评分,9,62.20042596944771,1965,0.4977099236641221,0.1089858657171095,0.0913309483161381,1.1933070632296472,0.0083687179049896,44.105992398946114,低,27.784531322297926,0.0,95.65217391304348,77.60132146432029,20260915T233549_score_74965937
2026-09-15 23:36:36,2026-09-15,97.98,98.49,99.28,95.32,33349500.0,0.0438,421974100.00000006,002169,,,,工控自动化,9799000000.0,41.79,3.49,0.0288310874334063,-0.02,-0.1040662239607024,-0.0712871287128713,0.0418914630276101,0.437019580601847,0.0208809490492405,0.0116583637204046,2.174635428478722,6190647217.0,-0.0111591738513005,19.86045449807903,23.00554617660009,0.0239291696578128,0.2865329512893982,234577268.4035,54.11617633865214,-0.0028174706072912,-0.00196989202793,0.0343689714691846,0.0081203725818008,0.1287878787878762,0.8005050505050493,0.1994949494949506,0.671717171717173,0.7066700461426213,0.0009703052014412,,,,,,,,,,1.0408340855860844e-17,47.82608695652174,70.27173913043478,73.47826086956522,75.76086956521739,56.0,关键词新闻评分,9,62.178804347826095,1960,0.4862244897959183,0.1216983445861857,0.0786605158564748,1.5471338226186877,0.0187588688383494,44.14272543912946,低,27.784531322297926,0.0,95.65217391304348,77.84620839887594,20260915T233549_score_74965937
2026-09-15 23:36:36,2026-09-15,30.05,31.75,32.06,29.6,12925700.0,0.113,214508500.0,003001,,,,其他专业工程,2838000000.0,-105.81,2.45,0.0365654587006203,-0.0413647342995168,0.1339285714285714,-0.0410752038659015,0.0565723793677204,0.4246994865000181,0.0443907172579398,0.0110016080498018,6.280209878349327,-190725355.0,0.0031631433934905,19.183859927248665,21.766365415684263,,0.4081632653061224,89850580.6375,52.275234349379154,-0.0186955229240562,-0.0233716487851436,0.0273565804274465,0.0196981051279305,0.6910569105691051,0.8739837398373975,0.1260162601626025,0.1829268292682923,1.0550007822068002,-0.0025114109756871,,,,,,,,,,-6.938893903907228e-18,36.95652173913043,78.20652173913044,78.04347826086956,84.18478260869566,50.0,无新闻/中性,4,61.513586956521735,1293,0.4586233565351895,0.1208719118640578,0.0893578454018968,1.352672631266152,0.0070584315189934,35.026625863514155,低,27.784531322297926,0.0,56.52173913043478,69.2461242715855,20260915T233549_score_74965937
2026-09-15 23:36:36,2026-09-15,144.67,142.75,147.3,141.35,252590800.0,0.1967,4158423500.0,600172,,,,磨具磨料,22772000000.0,-26.08,67.38,0.1314996829422956,0.1427313480627601,-0.0348860793725914,1.0054790671536948,-0.0103300055463118,1.2631671384658334,0.1313920679707065,0.1718252974712377,1.4487472178925032,10776288499.0,0.08391016621852,22.14840187328801,23.848797548035247,,0.0148411991688928,3517139220.0,60.89903277520904,0.0360996668058943,0.0327014974876115,0.0858744058043532,-0.0073018080667592,0.322689075630249,0.2352941176470591,0.4420168067226918,0.2352941176470591,0.978542242598696,0.0334015812993912,,,,,,,,,,1.0408340855860844e-17,47.82608695652174,72.0108695652174,80.0,54.184782608695656,53.10344827586207,关键词新闻评分,9,61.47067091454274,1958,0.4882533197139939,0.1685177382042104,0.1055786984058709,1.596133886367741,0.0282497966907775,42.58882482519742,低,27.784531322297926,0.0,89.13043478260869,76.18252314657535,20260915T233549_score_74965937
2026-09-15 23:36:36,2026-09-15,26.89,26.4,27.3,26.36,6996298.0,0.027,133791900.0,688207,,,,集成电路,4454000000.0,-22.1,1.8,-0.0269074824917066,-0.1108117211182216,-0.0608324439701174,0.3233082706766916,-0.0229459659511472,0.6548509480171084,0.0263986625714398,-0.0047187890745268,0.6714919762622148,194724453.0,-0.0143469175429799,18.7117961731836,22.217068405781585,,0.5555555555555556,192331025.0,51.6719903165342,0.0046238365844669,-0.0021474349488982,0.0593073593073593,-0.0107419435423433,0.5212765957446822,0.0425531914893607,0.436170212765957,0.0425531914893607,0.6332068420380383,-0.0066705659858171,,,,,,,,,,0.0110513120603507,91.30434782608695,54.89130434782608,37.5,31.08695652173913,50.9,关键词新闻评分,10,61.378043478260864,952,0.4558823529411764,0.1482987897721935,0.0992731460247046,1.4938459765875516,0.0135905305885871,40.08197802797304,低,27.784531322297926,0.0,91.30434782608695,56.57166044044183,20260915T233549_score_74965937
2026-09-15 23:36:36,2026-09-15,151.94,159.59,159.8,151.94,5056000.0,0.0692,425172400.0,301191,,,,终端设备,8051000000.000001,103.42,4.72,0.0360968642472245,-0.1346383255612189,-0.1957770610763958,-0.0944220620779662,0.041302361999217,0.6336146474767465,-0.0121752694095581,-0.1325027450724589,1.5508584013520934,326188116.0,0.0131720771778247,19.868005294046977,22.809062144264256,0.0096693096112937,0.211864406779661,347810802.8115,45.89652289718415,-0.0418473838616585,-0.0441378761083148,0.052008271194937,0.0157851187066386,0.9732824427480906,0.9732824427480906,0.0267175572519093,0.0,0.4259028356006847,-0.0090309757076427,,,,,,,,,,2.688821387764051e-17,67.3913043478261,44.5108695652174,69.56521739130434,74.56521739130436,50.0,无新闻/中性,9,61.08423913043479,907,0.5369349503858876,0.1472827627312678,0.1114039440135033,1.3220605790528888,0.027493990037989,33.77702247579681,低,27.784531322297926,0.0,44.56521739130434,76.85746400564378,20260915T233549_score_74965937
2026-09-15 23:36:36,2026-09-15,163.69,164.44,171.34,162.64,43560800.0,0.1182,2386025700.0,002552,,,,机械基础件,17832000000.0,74.85,10.89,0.1399653379549392,-0.0584058634906091,-0.2135067916586953,2.3538649806241074,0.003662109375,0.8566827089464205,0.0469584151733841,0.0424914810999286,2.365534647618746,1387534843.0,0.038145523906866,21.592894932148365,23.60426043302997,0.0133600534402137,0.0918273645546372,1829135988.403,55.57637059873376,0.0003816134268821,-0.0040528353423212,0.0738350071237446,-0.0102323341759962,0.0862068965517239,0.2068965517241388,0.7931034482758612,0.1206896551724148,0.6814716453468714,0.007127593218019,,,,,,,,,,0.0003800187475532,70.65217391304348,51.30434782608696,72.55434782608695,37.71739130434783,50.34615384615385,关键词新闻评分,6,60.87157190635452,1945,0.5084832904884319,0.1593536989319101,0.0815047663311617,1.9551457676038315,0.0409677386277987,33.311624810089,低,27.784531322297926,0.0,43.47826086956522,75.20408826324388,20260915T233549_score_74965937
2026-09-15 23:36:36,2026-09-15,828.31,828.72,850.52,827.76,28565900.0,0.0252,1729471700.0000002,002837,,,,机械设备,81621000000.0,166.22,22.77,-0.0496875179175505,0.0390170511534604,-0.2636349096337368,-0.206412134792726,-0.0028036820889235,0.6733934585292068,-0.0277182199002634,-0.0470839041135269,0.57382887316119,4322629355.0,0.0860969535201161,21.271081823675107,25.12535241874806,0.0060161232102033,0.043917435221783,3773892891.9625,46.83173515151085,0.0085987238150971,0.0157991737211634,0.0549367010053369,-0.008312724371759,0.0180140597539579,0.042179261862919,0.957820738137081,0.0241652021089611,0.4172808494920295,0.016443207357012,,,,,,,,,,0.0037250147124518,81.52173913043478,53.85869565217391,62.71739130434782,12.119565217391305,51.09090909090909,关键词新闻评分,8,60.86180830039525,1961,0.536460989291178,0.1732699562398774,0.0965036710663866,1.7954752842581685,0.0482193559230013,39.11220998835872,低,27.784531322297926,0.0,80.43478260869566,64.59929379953475,20260915T233549_score_74965937
2026-09-15 23:36:36,2026-09-15,55.46,55.8,56.25,54.62,3613900.0,0.0223,113677000.0,300727,,,,纺织化学用品,5494000000.0,53.55,4.06,-0.0065871461634324,0.1106687898089171,-0.0743198407431984,0.0590244828240653,-0.0005373455131649,0.5211960605700534,0.0700006711473741,0.050046574646456,1.084807031232951,922806528.0,0.0300270518149433,18.548871660335465,22.42692242461949,0.0186741363211951,0.2463054187192118,148359443.508,59.22351506733223,0.0228719863427276,0.0170505355029251,0.0484383000512032,0.0043799124017518,0.2085889570552121,0.7239263803680969,0.2760736196319031,0.5153374233128847,0.8065505074433243,0.0172809032404603,,,,,,,,,,-1.0842021724855044e-17,32.608695652173914,82.33695652173913,79.67391304347827,72.01086956521739,51.0,关键词新闻评分,5,60.23315217391305,1971,0.4931506849315068,0.1304269930025985,0.0991296532595455,1.315721267188426,0.0140763640752104,43.21914381790816,低,27.784531322297926,0.0,97.82608695652172,68.79044686609625,20260915T233549_score_74965937
2026-09-15 23:36:36,2026-09-15,27.0,27.07,27.48,26.78,2028800.0,0.0183,53978000.0,301133,,,,汽车零部件,3936000000.0,-59.58,2.96,-0.0773687798227675,-0.1301413881748072,-0.3276204669647292,-0.3124206248412496,-0.0040470934510669,0.8380585023433886,-0.0926003519651388,-0.1113761578316746,0.91162290445358,185460033.0,0.0061759967953414,17.804087132634262,22.09343081613642,,0.3378378378378378,100238331.3,40.63720188210434,-0.0168929551411074,0.0016000572793584,0.0655179692859781,-0.0014754703061602,0.1000000000000005,0.4142857142857135,0.5857142857142865,0.314285714285713,0.198949085319042,0.0078941917081092,,,,,,,,,,0.008416825775651,88.04347826086956,21.90217391304348,64.78260869565217,52.880434782608695,50.0,无新闻/中性,10,59.53532608695652,1025,0.5365853658536586,0.098899440078132,0.0947758707837618,1.043508640546057,0.0091474667518885,40.18628511155179,低,27.784531322297926,0.0,84.78260869565219,65.96269317154649,20260915T233549_score_74965937
2026-09-15 23:36:36,2026-09-15,128.21,131.76,135.83,127.69,61934400.0,0.0613,3086898500.0,601208,,,,其他塑料制品,46600000000.0,114.54,7.56,0.0401010419955791,-0.002196137826581,-0.3061611374407583,0.6697503484982892,0.0217121588089328,0.677497924015099,0.0403186647033044,-0.0024303268448906,1.0401030927055963,4533384644.0,0.0378053006488873,21.850432702431235,24.56486637807801,0.0087305744718002,0.1322751322751323,2842916565.0,54.67938419969616,0.0102864020240683,0.0074660855063008,0.0618874143464307,0.0,0.4361179361179332,0.4999999999999983,0.5000000000000018,0.063882063882065,0.7144103969151541,0.0019262097826961,,,,,,,,,,2.4286128663675305e-17,62.5,55.48913043478261,68.09782608695653,49.45652173913043,51.285714285714285,关键词新闻评分,6,59.44107142857143,1966,0.5447609359104781,0.1263110990889064,0.07444778210848,1.696640188754783,0.0349178139049487,43.48851155533903,低,27.784531322297926,0.0,89.13043478260869,82.18043468085278,20260915T233549_score_74965937
2026-09-15 23:36:36,2026-09-15,90.02,88.12,90.64,88.08,7511500.0,0.0104,147298400.0,603613,,,,互联网信息服务,14901000000.0,11.22,1.52,-0.0311159978009895,0.0482988341660719,0.0014774406182522,-0.2114541387024607,-0.0196907331182556,0.4700365919853587,0.0142375378382424,0.0282620364535928,0.6522278990125626,121777704.0,0.1765404274951069,18.80797102597679,23.424694161739733,0.089126559714795,0.6578947368421053,224041635.0,50.94090491681224,0.0110098176736168,0.0088434613221663,0.0361601063484857,-0.0092939589266977,0.742187499999996,0.0156250000000024,0.2421875000000015,0.0156250000000024,0.5811916495718825,0.0136406907336246,,,,,,,,,,1.0408340855860844e-17,47.82608695652174,78.58695652173913,63.96739130434783,40.0,59.0,关键词新闻评分,8,59.07934782608695,1587,0.5066162570888468,0.1135967014761825,0.0999857334004622,1.1361291017510045,0.0082186003366659,41.36145010680926,低,27.784531322297926,0.0,91.30434782608695,65.10147429934995,20260915T233549_score_74965937
2026-09-15 23:36:36,2026-09-15,236.28,240.73,247.42,235.65,621451.0,3.7,3365503204.21,002080,4.97,1.72,4.08,玻纤,79610000000.0,39.28,3.9,0.0722939866369709,-0.0985920766868868,-0.2846700145603661,0.3162556728087922,0.0172406507500526,0.5811857935971705,0.0440533888473253,-0.0876572413945571,0.0245664165403374,3944777976.0,-0.0432825557298595,21.936843329787195,25.100405550046897,0.025458248472505,0.2564102564102564,2295713136.4925,52.784658604535295,-0.0152277543256188,-0.0260013639967741,0.0505337930461513,-0.0022243713733075,0.3780798640611721,0.4316057774001692,0.5683942225998307,0.0535259133389971,0.8303378506913326,-0.0177255818181267,,,,,,,,,,0.0100199670475247,90.21739130434784,50.8695652173913,24.076086956521745,44.29347826086957,50.66666666666666,关键词新闻评分,4,58.60471014492754,1962,0.5234454638124363,0.1302020553970664,0.081095731531757,1.605535247512743,0.0295071365497423,28.47546104014723,低,27.784531322297926,0.0,33.69565217391303,56.00647472450166,20260915T233549_score_74965937
2026-09-15 23:36:36,2026-09-15,185.68,190.3,194.07,185.68,24311840.0,0.0212,4579524800.0,688008,,,,集成电路,229095000000.0,74.53,10.76,-0.0394710276600039,-0.1368440150587381,-0.268302060904337,0.3626924453992124,0.0169944420692604,0.6164803617668294,-0.0468749217415693,-0.1540705815412836,0.7816344392007901,3097896797.0,-0.0534978991209397,22.244861074449386,26.157402601636928,0.0134174158057158,0.0929368029739777,6198811535.0,41.89988636448319,-0.0344771506765224,-0.0323265924060213,0.0500375347196156,0.0014910972721693,0.550655542312278,0.550655542312278,0.449344457687722,0.0,0.2219908402969387,-0.0033903021937746,,,,,,,,,,0.0067420067777579,85.86956521739131,34.6195652173913,46.19565217391305,47.934782608695656,55.48640865634246,关键词新闻评分,6,58.2904886917212,1596,0.5043859649122807,0.1330216381796254,0.0944967648768917,1.407684573677449,0.0202603243840708,30.939181872786435,低,27.784531322297926,0.0,50.0,50.69214984064705,20260915T233549_score_74965937
2026-09-15 23:36:36,2026-09-15,148.68,149.29,151.97,147.23,914260.0,3.2,3019964325.08,000938,3.19,0.41,0.61,IT服务,100875000000.0,35.88,5.64,-0.0291344215386617,-0.4378718276978688,-0.1900059682057403,-0.1513273833210164,0.0041027710519234,3.631789387608078,-0.155931350515493,-0.3240555159798607,0.5994849174391911,93676601.51,-0.1154730623788587,21.82851085570713,25.337147963536523,0.027870680044593,0.1773049645390071,5461368829.52,41.87057478682431,-0.1365609306289608,-0.1095738348911803,0.2141421777365243,-0.0013824165533234,0.1286919831223595,0.4345991561181431,0.5654008438818569,0.3059071729957836,0.3175724589016283,0.0061831721364335,,,,,,,,,,0.05005455969946,100.0,13.58695652173913,43.91304347826088,54.29347826086956,50.0,无新闻/中性,7,57.60869565217391,1966,0.4659206510681587,0.1216697368731986,0.0870363365297084,1.3979188661240198,0.0102041330720529,35.67957015488695,低,27.784531322297926,0.0,75.0,48.96140505465052,20260915T233549_score_74965937
2026-09-15 23:36:36,2026-09-15,1034.1,1034.46,1066.36,1025.19,20912500.0,0.0242,4791342100.0,300476,,,,印制电路板,215721000000.0,42.92,5.69,-0.0126843235504652,-0.1586267476758656,-0.3278755628325828,-0.1418687991505458,0.0046324621973603,0.5946966975563293,-0.046604809555518,-0.1185753058620771,1.0125791920149698,3097435795.0,-0.0239335690397806,22.290076397224087,26.097251743043483,0.0232991612301957,0.1757469244288224,6475073458.9775,42.60427637242411,-0.0334511685391614,-0.0312752716105664,0.0511536729998536,-0.0072392602710803,0.0087442312363402,0.2251639543356817,0.7748360456643183,0.2164197230993414,0.2471175478858256,-0.0177784656264498,,,,,,,,,,0.0213873659459005,94.56521739130434,30.326086956521745,38.58695652173913,41.30434782608695,50.0,无新闻/中性,8,57.52717391304348,1972,0.5329614604462475,0.1560781307989615,0.0914845466873042,1.7060600555024803,0.0404568194577593,26.98647639133124,低,27.784531322297926,0.0,34.78260869565217,44.63063503674282,20260915T233549_score_74965937
2026-09-15 23:36:36,2026-09-15,109.05,113.94,116.6,109.05,37638100.0,0.0454,4270949700.0,301217,,,,铜,83623000000.0,344.73,14.91,0.076632334876689,-0.085113216637225,-0.3380968978738236,2.0844612885760694,0.045033477024672,0.7008622216592706,0.0277086264747266,-0.0457459593837632,1.557277843029202,1864375124.0,-0.0624339459457454,22.17510205186915,25.14958443881583,0.0029008209323238,0.0670690811535882,3509391497.1800003,52.55911816793686,-0.0108453980231803,-0.0132786657362773,0.0688708342736778,0.0065667422480049,0.6476821192052983,0.6476821192052983,0.3523178807947016,0.0,0.6537038950076378,-0.0049823512451362,,,,,,,,,,3.0140820395097023e-17,68.47826086956522,43.15217391304347,59.29347826086956,57.06521739130435,50.69230769230769,关键词新闻评分,5,57.38988294314381,982,0.5132382892057027,0.2067375525167605,0.087218759626714,2.3703335544047257,0.0636508751190203,39.32423365689015,低,27.784531322297926,0.0,69.56521739130434,80.50553854626605,20260915T233549_score_74965937
2026-09-15 23:36:36,2026-09-15,60.38,59.12,61.53,58.77,292881.0,2.33,195758339.86,000676,4.54,-2.83,-1.72,移动互联网服务,8945000000.0,44.18,2.08,-0.0949173300673605,-0.1805959805959807,-0.0295469468154958,-0.2759338640538886,-0.0282708744247206,1.4854755632184509,-0.0725619847675521,-0.1212645941868501,0.5321033179493598,102560216.56,-0.0281401445894485,19.09239150168476,22.91436055390709,0.0226346763241285,0.4807692307692307,375956537.808,41.66209798618244,-0.0405852206055845,-0.0287762674855656,0.0982505316064179,-0.0114814401961877,0.456521739130437,0.1268115942028966,0.4166666666666664,0.1268115942028966,0.3085414337785174,-0.000565611615466,,,,,,,,,,0.0245702098493456,95.65217391304348,28.26086956521739,33.47826086956522,47.391304347826086,50.78260869565217,关键词新闻评分,10,57.05652173913044,1965,0.4381679389312977,0.1279440758861517,0.0904109884577409,1.4151385585830003,0.0052652000410334,28.323153602241806,低,27.784531322297926,0.0,42.391304347826086,43.39688890658141,20260915T233549_score_74965937
2026-09-15 23:36:36,2026-09-15,115.53,114.28,116.0,113.85,42971900.0,0.0072,868089700.0,600188,,,,煤炭开采,216395000000.0,19.1,2.82,0.1900447776736435,-0.0739810388137103,0.0405171628880998,-0.004442895722624,-0.009791179273893,1.1278742270687694,-0.0045469591122104,0.0089998881635873,1.1682203958875208,5647561164.0,-0.0237605014241995,20.581805609451088,26.10037127829136,0.0523560209424083,0.3546099290780142,1072005669.6,51.20254239384183,-0.0299221992465608,-0.0248098061696441,0.0607092854642732,-0.0037485833841861,0.5813953488372078,0.2000000000000026,0.2186046511627896,0.2000000000000026,0.4812444057020775,0.0134836484958132,,,,,,,,,,1.6479873021779667e-17,53.2608695652174,53.31521739130435,65.05434782608695,63.47826086956521,54.0,关键词新闻评分,10,56.72880434782609,1971,0.5093860984271943,0.0837127126887173,0.0509730667234386,1.6422930396342863,0.0176339969649452,47.44787508880606,低,27.784531322297926,0.0,100.0,94.08343794744457,20260915T233549_score_74965937
2026-09-15 23:36:36,2026-09-15,90.51,94.77,94.77,89.39,5172500.0,0.0295,203153300.00000003,603200,,,,环保工程及服务,7212000000.0,-300.09,6.64,-0.0259019426456985,0.0736377025036818,-0.1196470041802137,-0.3015697545876631,0.0976372480889504,0.8197299049256295,-0.0012488341579853,0.0346728776395877,0.5005549894372978,1110068973.0,-0.0002943094777072,19.12947142934303,22.699012142287483,,0.1506024096385542,423431515.0,51.3250897747328,-0.0013248913930948,0.010922276296483,0.0617208580171543,0.0192879934033627,0.791821561338289,1.0,0.0,0.208178438661711,0.5028941787368745,0.0085845705419017,,,,,,,,,,-1.734723475976807e-18,41.30434782608695,63.91304347826088,60.81521739130434,92.28260869565216,47.0,关键词新闻评分,3,56.52608695652174,1971,0.4779299847792998,0.151683764821085,0.0948745199225107,1.5987829497843409,0.0229630773522062,41.49308668623397,低,27.784531322297926,0.0,95.65217391304348,60.18195004623931,20260915T233549_score_74965937
2026-09-15 23:36:36,2026-09-15,54.32,50.93,55.14,50.93,863742.0,13.17,588044206.82,000759,7.28,-11.87,-6.86,超市,4172000000.0,-4.18,8.26,-0.1457564575645755,-0.0289799809342231,0.0586156724173767,0.2669154228855721,-0.1187056584184115,1.2160950602805003,0.0061439380469783,0.0147574517825832,0.7922005834685858,69120162.42,-0.0169997211263774,20.19231268640412,22.15166137408493,,0.1210653753026634,797090557.02,47.99211334888398,0.0535020221230694,0.0298052904260771,0.1182856020868979,-0.0268152866242038,0.8052256532066508,0.0,0.1947743467933492,0.0,0.4943835822677719,0.0002102220454421,,,,,,,,,,3.9898639947466563e-17,69.56521739130434,57.826086956521735,39.56521739130435,37.69021739130434,54.22656666858975,关键词新闻评分,4,55.90906971033724,1965,0.4162849872773537,0.1374801823595023,0.0787244302776317,1.7463471234362815,0.0112783041433227,42.0373970715944,低,27.784531322297926,0.0,93.47826086956522,66.70923667327988,20260915T233549_score_74965937
2026-09-15 23:36:36,2026-09-15,132.52,129.32,133.32,128.92,8892800.0,0.0401999999999999,287928200.0,300191,,,,油气钻采服务,11731000000.0,62.1,9.54,-0.1582921114293152,-0.0488378934980877,0.1102335164835164,-0.1337084673097535,-0.0208964264082375,0.5294188526036794,-0.0992045248742703,0.0210655970691342,1.9394081719138088,1001315424.0,0.0111546677364982,19.47822170493596,23.185500747469995,0.0161030595813204,0.1048218029350104,614382006.9455,40.03341675918912,0.0138837173228143,0.0334093198657129,0.062988820644249,-0.0091939932577383,0.7272727272727302,0.090909090909092,0.1818181818181777,0.090909090909092,0.0558347450431029,-0.01129840641343,,,,,,,,,,1.7347234759768068e-17,54.891304347826086,58.15217391304347,57.1195652173913,55.923913043478265,50.0,无新闻/中性,5,55.766304347826086,1963,0.4681609780947529,0.12015342828035,0.0759082151614238,1.5828777955697657,0.0158801955991417,43.51284852600412,低,27.784531322297926,0.0,78.26086956521739,96.8354347751418,20260915T233549_score_74965937
2026-09-15 23:36:36,2026-09-15,39.74,40.06,41.79,39.52,11564900.0,0.0276,455353000.0,002957,,,,其它专用机械,15622999999.999998,50.18,4.72,-0.0600656968559361,-0.1111604171289105,-0.287442191390964,0.5455246913580247,0.0027534418022527,0.671477653277701,-0.0350940578558179,-0.0637999532601074,1.1454488070409037,1666226767.0,-0.0239942187693142,19.93658350249114,23.47201002437618,0.0199282582702271,0.211864406779661,653310205.059,46.21472883627685,-0.008269438825911,-0.004839040087869,0.0602845731402895,-0.0098047293400346,0.1409691629955951,0.2378854625550661,0.7621145374449338,0.096916299559471,0.2079367859815493,-0.0122902980538383,,,,,,,,,,0.0060971846728023,83.69565217391305,36.35869565217392,41.19565217391304,38.91304347826087,52.04545454545455,关键词新闻评分,9,55.71813241106719,1589,0.4915040906230333,0.1275375415924859,0.0943630435830372,1.351562399322738,0.0147020017423772,39.38465401602468,低,27.784531322297926,0.0,92.3913043478261,50.4735583318006,20260915T233549_score_74965937
2026-09-15 23:36:36,2026-09-15,177.88,173.19,180.24,171.36,4911900.0,0.0196,206955800.00000003,300863,,,,汽车零部件,10587000000.0,76.74,7.3,-0.0053982656635847,-0.1062083913918563,-0.3771488168021291,0.1391081294396212,-0.0323499832383505,0.5194656478996551,-0.0077346167067722,-0.0749608090821446,0.8131524120674142,414161393.0,-0.064847850776122,19.1480158066915,23.08289267030765,0.0130310138128746,0.136986301369863,255181205.0,48.19099246649226,-0.0039558448613209,-0.0073815552837995,0.0498874068941624,-0.0099468358772079,0.5281531531531531,0.2060810810810794,0.2657657657657674,0.2060810810810794,0.3722581732670778,-0.0053177745375887,,,,,,,,,,0.0017966396104938,75.0,42.33695652173913,33.913043478260875,60.869565217391305,58.78048780487805,关键词新闻评分,9,55.581853128313895,1330,0.5210526315789473,0.1162929031336449,0.086020624719117,1.3519188393873662,0.0193953713725852,41.16549484094424,低,27.784531322297926,0.0,91.30434782608695,63.79510586024979,20260915T233549_score_74965937
2026-09-15 23:36:36,2026-09-15,143.61,144.35,145.24,142.63,3496300.0,0.009,89233600.0,002832,,,,其他服装,15181000000.0,24.21,2.8,-0.033219476257451,-0.0271599946084377,0.2185547864257977,0.4859995882231829,0.0068354606961009,0.279021756823746,0.0118498943288039,0.0642310957980012,0.5454338580169507,738079660.0,0.0076688690442597,18.30676821944441,23.44331048289699,0.0413052457662123,0.3571428571428571,224565007.867,53.2034484363972,0.0110887198115368,0.0139762382384384,0.0296452075807808,0.0019203183563925,0.2835249042145505,0.6590038314176206,0.3409961685823793,0.3754789272030701,0.5827330422515536,0.0018653753991833,,,,,,,,,,-1.0408340855860844e-17,33.69565217391305,79.61956521739131,54.40217391304349,71.30434782608695,53.003086843471664,关键词新闻评分,8,55.00954781478195,1971,0.5291730086250634,0.0739257790381,0.0582990834263751,1.2680435899384168,0.0116707448589863,39.3776508270757,低,27.784531322297926,0.0,76.08695652173913,72.16600084025663,20260915T233549_score_74965937
2026-09-15 23:36:36,2026-09-15,286.04,286.9,297.47,286.04,2379436.0,0.0207,327925100.0,688531,,,,其它专用机械,21595000000.0,97.6,6.3,-0.0479508876721421,-0.0942669528980932,-0.1552820633612059,0.7381558221252875,-0.0098702374378796,0.6064172774513973,0.0019084802525546,-0.0443494259101554,0.6203151924647105,290228834.0,0.0038004737958654,19.60829578966269,23.79572764335908,0.0102459016393442,0.1587301587301587,523475135.0,49.26578620069533,0.0016635986973625,-0.0006475264129463,0.0588906039934273,-0.0111556622741008,0.0752405949256304,0.0752405949256304,0.9247594050743696,0.0,0.4829012797203452,-0.0070548733142397,,,,,,,,,,0.0019016633590788,76.08695652173914,54.51086956521739,39.45652173913044,14.51086956521739,50.81818181818182,关键词新闻评分,4,54.68236166007905,688,0.4912790697674418,0.1848916305253873,0.0913877967334955,2.0231544816051,0.04434250328613,35.43490483185062,低,27.784531322297926,0.0,67.39130434782608,57.47523043730686,20260915T233549_score_74965937
2026-09-15 23:36:36,2026-09-15,1344.61,1323.01,1364.27,1320.78,476652.0,3.44,8853900257.98,002384,3.25,-1.23,-16.49,印制电路板,327253000000.0,91.29,13.43,-0.0192152298488431,-0.1443474324149528,-0.2820809185821883,0.694341990676707,-0.0123105636431504,0.5472878407035852,-0.0445946346053439,-0.1306965610756066,0.0438757315993258,10794748618.0,-0.0110084565451614,22.90412390611272,26.513999408997687,0.0109541023113155,0.0744601638123603,11354841438.8125,43.252239108436434,-0.0216986748780954,-0.0226059816266577,0.0538463698039211,-0.0097378781754765,0.4966659002069419,0.0512761554380321,0.4520579443550259,0.0512761554380321,0.147088667547765,-0.0290025509395979,,,,,,,,,,0.0183468009091024,92.3913043478261,36.95652173913044,22.66304347826087,30.43478260869565,50.0,无新闻/中性,5,54.15217391304348,1900,0.5489473684210526,0.16154217893357,0.0998947942289668,1.617123096157569,0.0436203441965731,35.57268262528456,低,27.784531322297926,0.0,79.34782608695652,42.4517200746925,20260915T233549_score_74965937
2026-09-15 23:36:36,2026-09-15,149.86,166.35,166.35,149.73,194172500.0,0.1119,2312286200.0,600110,,,,其他电子,19139000000.0,-155.39,3.19,0.1320947325438954,0.1440852819807427,-0.2118728383948452,0.5368625277161863,0.0981647742276208,0.8303213566332552,0.0991588643016192,0.076510901007591,1.3089990127542894,9913637311.0,-0.004668314938609,21.561502569455133,23.674993975002348,,0.3134796238244514,2030772289.15,60.568119234193006,0.0092582871786823,0.0082440854419052,0.0673021598179397,0.0344505938685406,0.992178098676292,1.0,0.0,0.0078219013237078,0.9261480993177532,0.0162165556098113,,,,,,,,,,-0.0054050380612592,19.565217391304348,69.83695652173914,80.05434782608695,78.80434782608694,50.0,无新闻/中性,0,53.19836956521739,1959,0.4665645737621235,0.1541692525605749,0.0968316993064092,1.5921361874764768,0.0202764528152975,33.67290560307439,低,27.784531322297926,0.0,78.26086956521739,64.5691486222769,20260915T233549_score_74965937
2026-09-15 23:36:36,2026-09-15,246.13,250.05,253.11,245.4,54889700.0,0.0508,1768370799.9999998,002407,,,,氟化工及制冷剂,39046000000.0,57.99,4.5,-0.0358960518198643,-0.132252915047196,-0.2175423224958537,0.2244748053474365,0.011733764920089,0.4252258356261743,-0.0570875865891873,-0.115984922896892,1.1099590311053391,11540571507.0,0.0158770528404868,21.2933245082442,24.388006275207022,0.0172443524745645,0.2222222222222222,3559509708.903,41.04127881249863,-0.0282370939116928,-0.0199569974265255,0.0441111777644471,0.0021240782302021,0.5084306095979263,0.6031128404669261,0.3968871595330738,0.0946822308689998,0.1942548370837939,-0.0048042687976604,,,,,,,,,,1.3877787807814457e-17,51.63043478260869,42.82608695652174,64.07608695652175,62.01086956521738,50.0,无新闻/中性,2,52.79347826086956,1970,0.4802030456852791,0.1367104545288221,0.082927343039932,1.648557032184087,0.0225433963001904,43.77122355611475,低,27.784531322297926,0.0,91.30434782608695,81.16663062805321,20260915T233549_score_74965937
2026-09-15 23:36:36,2026-09-15,58.65,59.6,60.98,58.32,15979700.0,0.0745,896108100.0,300726,,,,被动元件,20098000000.0,47.37,4.08,0.1006463527239152,-0.0089790488859328,-0.3012076445069762,0.2996075010902748,0.0163710777626193,0.5622654690973408,0.0585581585350691,-0.0416183143095283,1.8607625882442904,1116663098.0,-0.0362891466953689,20.613571612099268,23.72388614457318,0.0211104074308634,0.2450980392156862,592463948.8275,55.73131365895964,-0.0052956866528969,-0.0155809850429953,0.0552732502396931,-0.0005589714924538,0.3571428571428586,0.481203007518798,0.5187969924812019,0.1240601503759393,0.9677067000694266,-0.0036631763095731,,,,,,,,,,4.3368086899420185e-18,43.47826086956522,61.25000000000001,60.05434782608695,52.934782608695656,46.25,关键词新闻评分,7,52.45923913043478,1971,0.4977168949771689,0.1209054147286739,0.0893073736971812,1.353812229868428,0.0153190826426279,41.09694650676175,低,27.784531322297926,0.0,84.78260869565219,72.03376913961296,20260915T233549_score_74965937
2026-09-15 23:36:36,2026-09-15,27.16,26.95,27.63,26.62,22275200.0,0.0204,86128300.0,002512,,,,计算机,4630000000.0,-39.93,14.37,-0.1013671223741247,-0.0340501792114694,-0.0051679586563307,-0.029178674351585,-0.0025906735751295,0.3293965622835425,-0.0599438408008791,0.0351052388999846,2.4680404921646266,6285305172.0,-0.0055707537838965,18.27134861457521,22.255822705044555,,0.069589422407794,100116688.036,42.47668523336478,0.0108539257096737,0.0234013257519729,0.0378743705274317,-0.0043103448275861,0.2079207920792092,0.3267326732673257,0.4653465346534651,0.3267326732673257,0.0311893297106911,-0.0043051737405801,,,,,,,,,,-1.3877787807814457e-17,30.434782608695656,63.53260869565217,65.1086956521739,55.0,68.0,关键词新闻评分,7,51.85706521739131,1811,0.5173937051352844,0.1234878217887373,0.1118867580944147,1.1036857613171087,0.0098945678859902,41.49557410224644,低,27.784531322297926,0.0,84.78260869565217,74.69128644284416,20260915T233549_score_74965937
2026-09-15 23:36:36,2026-09-15,157.61,160.32,164.57,157.11,2768000.0,0.013,424105500.0,603929,,,,建筑装饰,32059000000.0,26.24,13.43,-0.0245208396714329,-0.151341908845482,-0.2603801439379959,-0.1799069006087268,0.0135929695896819,0.4373217148481068,-0.0351120045259218,-0.143647687656462,0.6583923618874549,919723966.0,-0.0099631900837741,19.8654928053581,24.190843792125445,0.0381097560975609,0.0744601638123603,680218180.0,43.02331415421969,-0.0265571561329317,-0.0268603825425033,0.0459170943826632,-0.0021576763485476,0.363270777479891,0.4302949061662183,0.5697050938337818,0.0670241286863272,0.2332486181190134,-0.0112706290431512,,,,,,,,,,2.47198095326695e-17,65.21739130434783,41.79347826086956,44.94565217391303,45.70652173913043,50.0,无新闻/中性,4,51.83423913043478,1962,0.5071355759429154,0.1448946266969105,0.0822510451120578,1.7616144147409671,0.0329426059837238,40.927024388804014,低,27.784531322297926,0.0,92.3913043478261,60.756027483662784,20260915T233549_score_74965937
2026-09-15 23:36:36,2026-09-15,212.77,214.26,220.55,212.77,3572500.0,0.0279999999999999,387397600.0,301128,,,,其它专用机械,16965000000.0,98.15,17.68,-0.080941963711234,-0.0886043642860181,-0.3099739138836108,0.1289319774487591,0.0020109432726931,0.8753594290760793,-0.0552472667385395,-0.0964291111259494,0.4691075139271422,611223615.0,0.0160245414969524,19.77496211635217,23.55441823518261,0.010188487009679,0.0565610859728506,880534180.0,44.75856212799578,-0.0093949540278025,0.0006195961540915,0.0797595711485378,-0.0074122116186418,0.1915167095115656,0.1915167095115656,0.8084832904884344,0.0,0.2519871047590278,-0.0010692797502518,,,,,,,,,,0.0028957544463029,79.34782608695652,29.945652173913047,44.891304347826086,25.271739130434785,50.0,无新闻/中性,4,51.763586956521735,1037,0.5641272902603665,0.1776230488400492,0.0984460749090316,1.804267453061796,0.0572920517960911,35.20391303117642,低,27.784531322297926,0.0,72.82608695652173,48.68890828788462,20260915T233549_score_74965937
2026-09-15 23:36:36,2026-09-15,70.93,70.28,72.24,70.06,86600200.0,0.0109,248255100.0,600166,,,,商用载货车,22960000000.0,15.39,1.45,-0.2301456895607405,-0.0152725234692447,-0.0822669104204752,0.0188460423311105,-0.0122276879831343,1.2334621262259071,-0.0789654743105018,-0.0665695634561363,1.0411282757528773,14728867113.0,0.0178942192219788,19.329967408513298,23.85701940839777,0.0649772579597141,0.6896551724137931,302686366.5,40.831475716629605,0.0245941946277247,0.0228252324036077,0.0601471664362956,-0.0081851538244425,0.2981651376146825,0.1009174311926603,0.6009174311926571,0.1009174311926603,0.3239936973440833,-0.0113073997694354,,,,,,,,,,2.4286128663675305e-17,62.5,44.673913043478265,50.0,35.48913043478261,50.0,关键词新闻评分,8,51.59239130434782,1971,0.465246067985794,0.0832291534796325,0.0589395895301425,1.4121094860538164,0.0072038591456381,38.43008640115392,低,27.784531322297926,0.0,72.82608695652175,70.1967307544013,20260915T233549_score_74965937
2026-09-15 23:36:36,2026-09-15,51.72,54.88,55.82,51.72,60076200.0,0.1215,1619059400.0,603011,,,,机械设备,11965000000.0,-40.9,6.44,0.0311912814731305,0.0635658914728682,-0.2289969092441697,0.2967863894139886,0.0473282442748093,0.7836515546302462,0.0742248668963356,0.111703815742385,1.179200322848098,4511837732.0,0.0226566023108719,21.205111200900905,23.20525155830675,,0.15527950310559,1295419140.0,59.07399456288365,0.030895641186336,0.0296339596418892,0.0661443148688046,0.013668267454747,0.7707317073170739,0.7707317073170739,0.2292682926829262,0.0,0.81628932888145,0.0093106558281926,,,,,,,,,,-0.0037250147124515,21.73913043478261,64.72826086956522,80.0,64.8913043478261,51.901955000865385,关键词新闻评分,8,51.47008680443437,1964,0.5336048879837068,0.1353900164251299,0.0962687059959885,1.4063761948848834,0.0273455206319809,40.28840044151054,低,27.784531322297926,0.0,83.69565217391305,68.09273740025701,20260915T233549_score_74965937
2026-09-15 23:36:36,2026-09-15,23.48,23.8,24.45,23.38,5258900.0,0.01,122142200.0,601133,,,,,12249000000.0,58.98,4.01,-0.0356564019448946,-0.1678321678321678,-0.2082501663339986,0.3062568605927553,0.0101867572156197,0.4925613837163037,-0.0541292425085445,-0.1909623468890576,0.529639050015535,532070700.0,-0.0890702440676306,18.620696505901467,23.22871013795196,0.0169548999660902,0.2493765586034912,246769115.0,38.49769248504939,-0.045363308525046,-0.0432969900144094,0.0456782713085234,-0.0032109451347199,0.2990654205607478,0.3925233644859828,0.6074766355140172,0.0934579439252349,0.1923073358158131,-0.0088084963610605,,,,,,,,,,0.0015699464425057,73.91304347826086,39.40217391304348,30.10869565217392,44.29347826086956,50.0,无新闻/中性,6,51.17119565217391,690,0.5594202898550724,0.114744058149888,0.0822765092301011,1.3946150514114006,0.0279407936810232,32.88983396779568,低,27.784531322297926,0.0,57.60869565217392,53.55156960447684,20260915T233549_score_74965937
2026-09-15 23:36:36,2026-09-15,6.4,6.29,6.48,6.25,143831900.0,0.0336,868478700.0,601118,,,,其他种植业,30084000000.0,-523.54,3.17,-0.2291666666666666,0.051839464882943,0.0752136752136753,-0.1078014184397162,-0.029320987654321,0.8264583626395425,-0.0935946393832408,0.0742037400734352,0.7426845722730642,8012231654.0,0.0576017099295815,20.58225361945295,24.127259305910567,,0.3154574132492113,1307011485.0,44.474139702884216,0.0483145716894686,0.059377627250741,0.0939132409720645,-0.0078864353312302,0.4782608695652179,0.1739130434782607,0.3478260869565214,0.1739130434782607,0.238492947902598,0.0076272501692317,,,,,,,,,,-6.938893903907228e-18,36.95652173913043,58.641304347826086,62.01086956521739,55.05434782608696,51.934191526303785,关键词新闻评分,10,50.69613654393472,1858,0.5048439181916039,0.0641368090430848,0.0528976955555188,1.2124688678691111,0.0061864623096535,36.251129116761255,低,27.784531322297926,0.0,54.34782608695652,80.3080300178705,20260915T233549_score_74965937
2026-09-15 23:36:36,2026-09-15,77.14,75.34,77.34,75.2,36586.0,1.41,190293908.01,001301,2.77,-2.61,-2.02,锂,20324000000.0,23.46,2.82,-0.0282471301431703,-0.0881142580488986,-0.2143080613202628,-0.0261116856256462,-0.0261116856256462,0.5427358832953971,-0.1042469206258618,-0.0835887704957913,0.0236234288807168,227793285.0,0.050505945586984,19.06408032444988,23.73506829067789,0.0426257459505541,0.3546099290780142,389737651.5935,39.129699013186496,-0.0252460533796997,-0.0099522049472113,0.041355379422807,-0.0081621906266456,0.8411214953271012,0.0654205607476638,0.0934579439252349,0.0654205607476638,0.1394113090295592,0.0460706011503259,,,,,,,,,,1.3877787807814457e-17,51.63043478260869,43.04347826086956,55.923913043478265,55.59782608695652,50.5,关键词新闻评分,7,50.62608695652173,760,0.4986842105263158,0.1350659094872642,0.0925333045749174,1.459646449543054,0.0209668298060915,41.7053600273238,低,27.784531322297926,0.0,78.26086956521739,84.7855114506063,20260915T233549_score_74965937
2026-09-15 23:36:36,2026-09-15,948.73,974.16,999.9,942.72,14506600.0,0.021,1759386600.0,002353,,,,冶金矿采化工设备,128411999999.99998,48.73,5.51,-0.0379711833776084,-0.2503116775176618,-0.259863697490484,0.2203084092247178,0.0246981108259352,0.3918070873203195,-0.07932957092369,-0.1384494017230835,1.4882081463438397,1669546751.0,-0.0359334637313406,21.28823106308942,25.57850968177928,0.0205212394828647,0.1814882032667876,2255613719.502,37.58675465858314,-0.0500602715792785,-0.0413855398273319,0.0482056335714872,0.0019542097792772,0.4447359216509264,0.5498426023084989,0.4501573976915011,0.1051066806575725,0.2371731895523546,-0.0113603871281554,,,,,,,,,,2.3418766925686896e-17,59.78260869565217,32.01086956521739,53.369565217391305,57.11956521739131,51.21621621621622,关键词新闻评分,6,50.43412162162162,1969,0.579989842559675,0.1154988459920721,0.0902927878897885,1.279159152036043,0.0290642694454501,42.58284363791857,低,27.784531322297926,0.0,86.95652173913044,79.04119928935404,20260915T233549_score_74965937
2026-09-15 23:36:36,2026-09-15,449.21,454.65,469.81,449.21,4076800.0,0.0227,446875800.0,300776,,,,其它专用机械,30466000000.000004,61.13,6.17,-0.0394650666553989,-0.161317100166021,-0.3410965058477413,0.4202930242729061,-8.797202489607692e-05,0.6268994636406476,-0.0283761604349387,-0.1582633917551222,0.8339295257138327,472089979.0,-0.075315050874627,19.917791263858494,24.13987714466092,0.0163585800752494,0.1620745542949757,735555773.507,43.94696570957821,-0.0264783557923079,-0.0290886755306553,0.0589040235031657,-0.0070759352682959,0.2640776699029122,0.2640776699029122,0.7359223300970877,0.0,0.2198898427036476,-0.0132609332788514,,,,,,,,,,0.0024390567224097,77.17391304347827,30.59782608695652,33.80434782608695,29.67391304347826,51.3235294117647,关键词新闻评分,6,49.52093989769821,1639,0.5155582672361196,0.1584988969245945,0.1060983754792433,1.4938861807135075,0.0303169357966828,39.27484800004599,低,27.784531322297926,0.0,92.3913043478261,49.74151822527599,20260915T233549_score_74965937
2026-09-15 23:36:36,2026-09-15,802.19,811.79,822.59,795.59,92226700.0,0.1081,6112773199.999999,300285,,,,无机盐,60212000000.0,93.88,8.27,0.1019424724103759,-0.1017140454349294,-0.2629203893368199,1.1008514272404957,0.0119672396813721,0.8308119714206079,0.036418070512534,-0.0533879965678382,1.3308600836269788,4436749696.0,-0.0140019506359599,22.533646386208712,24.82113750494467,0.0106518960374946,0.120918984280532,5525434225.997,52.50076117399606,-0.0158904703035431,-0.0206693738294927,0.0580410486174292,0.0022222496574029,0.3555555555555522,0.5999999999999974,0.4000000000000025,0.2444444444444453,0.6848757739993944,-0.0079452961839642,,,,,,,,,,-3.0357660829594124e-18,40.21739130434783,44.07608695652174,59.619565217391305,66.73913043478261,50.0,无新闻/中性,3,48.6929347826087,1967,0.5185561769191662,0.1206556739018706,0.0786774338478528,1.5335486682902713,0.0246879804402599,39.12554926408543,低,27.784531322297926,0.0,77.17391304347827,69.03604839133597,20260915T233549_score_74965937
2026-09-15 23:36:36,2026-09-15,640.62,665.83,685.72,640.62,311422700.0,0.0784,14675019700.0,600176,,,,玻纤,160846000000.0,35.49,4.85,0.1293676640206258,0.0454067293652165,-0.1908639064759566,0.8546796657381617,0.0371991588129916,0.5898511806747152,0.1019606999402538,-0.0063909651013907,1.832672597680944,7263153787.0,0.05232637799237,23.409412545146893,25.803713222432897,0.0281769512538743,0.2061855670103093,9372441817.65,60.05115464677687,0.0090003857072002,-0.0039131572870401,0.0530068807782338,0.0026704548306619,0.5589800443458985,0.5589800443458985,0.4410199556541014,0.0,1.092158430834132,-0.0028016965363721,,,,,,,,,,-0.0100199670475247,13.043478260869565,72.3913043478261,77.82608695652173,49.40217391304349,50.75,关键词新闻评分,4,48.24347826086957,1961,0.5216726160122387,0.1010012903448577,0.0637631678249992,1.5840067830704416,0.0221899380943091,37.15857647859757,低,27.784531322297926,0.0,78.26086956521739,54.47362112576478,20260915T233549_score_74965937
2026-09-15 23:36:36,2026-09-15,41.39,39.09,42.03,38.9,234024800.0,0.2641,1453659700.0,300189,,,,种子生产,7219000000.0,66.83,10.54,-0.2096643752527294,-0.0271279243404678,0.2650485436893206,-0.1549935149156938,-0.0769775678866587,1.2179023116306713,-0.0965609688453359,0.1572050247190126,1.760622131666019,18040114897.0,0.0136218123744829,21.097350145336577,22.69998227610344,0.0149633398174472,0.0948766603415559,2145645601.153,46.62215361959228,0.0698467287004622,0.080741366047439,0.1276906771918284,-0.0229128478586901,0.7348242811501582,0.0607028753993625,0.2044728434504792,0.0607028753993625,0.2376811843236213,-0.0034189051938454,,,,,,,,,,-6.938893903907228e-18,36.95652173913043,50.92391304347826,57.39130434782608,48.80434782608695,54.0,关键词新闻评分,3,47.42445652173912,1963,0.4814060112073357,0.1300979179796535,0.0890341727864958,1.4612133061720989,0.0164573329567599,35.03745953261309,低,27.784531322297926,0.0,54.34782608695652,72.21689945688274,20260915T233549_score_74965937
2026-09-15 23:36:36,2026-09-15,201.04,207.02,214.18,199.79,15229971.0,0.0429,822095200.0,688257,,,,金属新材料,18158000000.0,26.3,6.33,0.0087219217463334,-0.1709583116415041,-0.468961625282167,0.1925115207373273,0.0419770485202335,0.6541490182006883,-0.0094642053990946,-0.196935460408282,1.1727113506886164,551629642.0,-0.0929479108437413,20.52736676261597,23.622377071895976,0.0380228136882129,0.1579778830963665,708329150.0,45.27289985153634,-0.0482309784196613,-0.0550656406709137,0.0544460852643637,0.0001127232322581,0.41556636553162,0.5024322446143162,0.4975677553856837,0.0868658790826962,0.4209561360080777,-0.0103131154522294,,,,,,,,,,2.3310346708438345e-17,58.69565217391305,28.75,47.06521739130434,52.28260869565217,50.0,无新闻/中性,6,47.372282608695656,1047,0.5682903533906399,0.1424447914600146,0.08003763886057,1.779722559134474,0.0463969800895234,38.43068864865787,低,27.784531322297926,0.0,73.91304347826086,68.75147037544214,20260915T233549_score_74965937
2026-09-15 23:36:36,2026-09-15,393.89,393.05,400.89,389.85,2887227.0,0.0157,810968600.0,688017,,,,机械基础件,51296000000.0,363.65,14.38,-0.0447198930611252,-0.2653408347507523,-0.2605448319975918,0.5330161082725537,5.08867007609215e-05,0.7378767361359504,-0.0473755262398902,-0.1714296957236032,0.4500515211582016,319887939.0,-0.1016164074833383,20.51373989493068,24.660878613373555,0.002749896878867,0.0695410292072322,1922192000.0,40.40848499616156,-0.0462167897979625,-0.0449718110732154,0.0485979610009631,-0.0039196141207477,0.0760869565217371,0.289855072463768,0.6340579710144948,0.289855072463768,0.126938758297628,-0.0248306598775153,,,,,,,,,,0.0026343377502087,78.26086956521739,23.750000000000004,20.05434782608696,46.73913043478261,50.0,无新闻/中性,7,47.013586956521735,1326,0.521870286576169,0.1922593735872593,0.1243143015922646,1.546558771796395,0.0408960929961445,39.447597931483294,低,27.784531322297926,0.0,95.65217391304348,46.54535834790147,20260915T233549_score_74965937
2026-09-15 23:36:36,2026-09-15,64.88,63.94,65.73,63.81,5404500.0,0.0232,332742900.0,603026,,,,化工,14104000000.0,27.02,2.61,-0.027972027972028,-0.0896924829157175,-0.3755249536087509,-0.2158449840569046,-0.0132716049382716,0.3069151894023357,-0.0302570713581558,-0.1060697500471851,0.869641475035521,687268194.0,-0.0343632533083398,19.62288068067683,23.36972428204198,0.0370096225018504,0.3831417624521073,392005595.0,40.07290934259167,-0.0210857185238429,-0.0225193157170375,0.0330332007685776,-0.0085796981600166,0.4895833333333317,0.0677083333333309,0.4427083333333373,0.0677083333333309,0.1056758443272731,-0.0040691333316729,,,,,,,,,,1.0408340855860844e-17,47.82608695652174,46.14130434782609,41.84782608695652,36.52173913043479,56.41909812792069,关键词新闻评分,7,45.93810546496599,1971,0.4911212582445459,0.1579056592615483,0.1044077224764143,1.5123944428269582,0.0244199556171157,41.22627025115275,低,27.784531322297926,0.0,100.0,52.60607236308914,20260915T233549_score_74965937
2026-09-15 23:36:36,2026-09-15,54.83,56.71,57.86,54.83,288387.0,6.88,484823267.84,002272,5.44,1.9,1.06,机械基础件,8190000000.000001,-236.57,5.57,0.0148532569792412,0.0269829771821803,-0.2660799792933868,0.0017664723547077,0.0190476190476189,0.6496000641803996,0.0285289370114443,-0.0422980793046766,0.06523565003509,62372508.0,0.0807761292855005,19.99929498834975,22.82617973481139,,0.1795332136445242,490678496.614,52.99398178453851,0.0052574683998249,0.0035855268881557,0.0471320250900571,0.0043093270365996,0.6204620462046211,0.6204620462046211,0.3795379537953789,0.0,0.6572083295837123,0.0026100128459299,,,,,,,,,,-0.0030143564977619,23.91304347826087,59.78260869565217,59.56521739130434,55.81521739130434,49.00479098791927,关键词新闻评分,9,45.71026170748758,1963,0.5043301069791136,0.1483531665564794,0.0935339884074565,1.586088320218073,0.0284569863323787,41.9961631077466,低,27.784531322297926,0.0,94.56521739130434,64.98506821864234,20260915T233549_score_74965937
2026-09-15 23:36:36,2026-09-15,269.75,269.37,282.75,268.65,29118600.0,0.0592,3536757300.0,002851,,,,电气设备,70886000000.0,316.13,7.76,-0.076171205158104,-0.097739072182214,-0.3119891704127503,0.19901184011395,-0.0056478405315613,0.7876705161867467,-0.043612097843627,-0.1069078129403379,2.989341566121227,2564002777.0,-0.0186757044352279,21.98647612762577,24.984338789773485,0.0031632556226868,0.1288659793814433,3606003124.287,44.71912807609779,-0.009142552887712,-0.0064598091128142,0.0713304589014579,-0.0154245403706274,0.0269503546099287,0.0510638297872358,0.9219858156028354,0.0510638297872358,0.1705903908920744,-0.0099934251269624,,,,,,,,,,2.0816681711721685e-17,57.60869565217392,33.913043478260875,50.380434782608695,14.782608695652174,50.0,无新闻/中性,7,45.19565217391305,1897,0.5055350553505535,0.152564287421409,0.0838611078009943,1.8192496071414888,0.0356602174590398,34.93091883499107,低,27.784531322297926,0.0,60.86956521739131,62.81097596548951,20260915T233549_score_74965937
2026-09-15 23:36:36,2026-09-15,106.96,108.34,110.14,106.24,577916.0,3.08,1007174840.26,002517,3.66,1.8,1.92,移动互联网服务,37195000000.0,15.62,3.55,-0.0216723857684666,0.0050092764378479,0.1423450021088148,-0.0184816089871352,0.0180417214809247,0.3089310368438472,0.0174394034728548,0.0269875726351511,0.0400222035015432,7241896550.0,0.0239717397340971,20.73041506149045,24.339440180589715,0.0640204865556978,0.2816901408450704,998369115.767,51.90686569945027,0.0064979477196056,0.0054634332560628,0.0367889448561407,0.0009238728750924,0.3538461538461558,0.5384615384615399,0.4615384615384601,0.184615384615384,0.6817705475984763,0.0135626857301269,,,,,,,,,,-0.0259309109231997,3.260869565217391,82.33695652173913,57.60869565217392,59.51086956521739,50.0,无新闻/中性,10,44.19836956521739,1934,0.5072388831437435,0.1277829137351908,0.0881246052229251,1.4500253750010426,0.0213920835557262,40.085595311265294,低,27.784531322297926,0.0,88.04347826086956,60.94360174934672,20260915T233549_score_74965937
2026-09-15 23:36:36,2026-09-15,57.64,56.68,58.07,56.68,3893100.0,0.0176,55317700.00000001,300622,,,,专业连锁,5053000000.0,28.77,5.45,-0.0803180269349342,-0.0432140445644835,-0.0623655913978494,-0.1300076745970837,-0.0171666377666031,0.3725223333944792,-0.0502442253072714,-0.0378107988818596,0.5709988760059242,1186665388.0,0.0358797059779501,17.82860350569047,22.343247963256182,0.0347584289190128,0.18348623853211,126904018.445,38.215761095520776,-0.0064916961193704,0.0021167863884345,0.0317194273616291,-0.008108265764452,0.6906474820143889,0.0,0.3093525179856112,0.0,0.1474427020819766,0.0068638294680636,,,,,,,,,,-3.2309224740068026e-17,28.26086956521739,61.41304347826087,54.56521739130434,30.29891304347825,44.90547767625343,关键词新闻评分,9,43.678047767625344,1971,0.5225773718924404,0.1136191931467827,0.0820805667432218,1.3842398713233215,0.0201876994600783,34.03872481487454,低,27.784531322297926,0.0,61.95652173913043,55.413740469060514,20260915T233549_score_74965937
2026-09-15 23:36:36,2026-09-15,73.89,68.35,74.84,68.35,6388448.0,0.0626999999999999,234753500.0,688152,,,,,3705000000.0,-73.93,3.04,-0.0514848737163475,0.00426094622392,0.1506734006734005,0.0436707894335013,-0.0612553220711441,0.9842955348631968,-0.0078961883473163,0.1695389432797851,0.988509384262032,32635229.0,0.1343384448011011,19.274046589679457,22.032949095694462,,0.3289473684210526,232334850.0,53.40507640961978,0.0428640808214481,0.0495843123036486,0.0870205873131989,-0.03067977687435,0.8536209553158703,0.0,0.1463790446841296,0.0,0.4465920812185563,0.0080227837505028,,,,,,,,,,-0.0064498981794854,17.391304347826086,64.18478260869566,60.81521739130434,39.42934782608695,52.48081087069399,关键词新闻评分,8,43.487211521852,803,0.3897882938978829,0.1746427752353395,0.1226036307756204,1.4244502722350616,-0.0067404613093309,29.435859555219288,低,27.784531322297926,0.0,34.78260869565217,60.95985612932986,20260915T233549_score_74965937
2026-09-15 23:36:36,2026-09-15,24.74,24.33,24.89,24.28,336968.0,5.9,277204611.61,002328,2.45,-2.25,-0.56,汽车零部件,7687000000.0,19.1,2.2,-0.1084646390619274,0.0939748201438848,0.0384122919334186,0.2337728194726165,-0.0224989955805545,0.5820420912254664,-0.0208664506911885,0.0754779533650125,0.0207022004821238,23988637.0,-0.3927960357124054,19.440266465148795,22.762796427313408,0.0523560209424083,0.4545454545454545,605021821.6255,48.49791567971823,0.0371893370801217,0.0451209354006988,0.0566907404145382,-0.0069387755102041,0.6721311475409845,0.0819672131147495,0.245901639344266,0.0819672131147495,0.4542069678032506,0.034190280178555,,,,,,,,,,-0.0059744236610474,18.47826086956521,75.38043478260869,36.73913043478261,49.83695652173914,53.5661656266226,关键词新闻评分,9,43.00063830179269,1964,0.505091649694501,0.0990236517258743,0.0672394253354971,1.4727022313439906,0.0167386665407149,34.80582125383149,低,27.784531322297926,0.0,70.65217391304348,48.93351383022278,20260915T233549_score_74965937
2026-09-15 23:36:36,2026-09-15,249.15,245.36,249.29,244.93,3166700.0,0.0068,56639399.99999999,600645,,,,生物制品,8713000000.0,74.4,2.33,-0.2857475547275266,-0.2092048860669738,-0.0305041883989252,-0.4372735195633227,-0.0129932821111066,1.547501691568638,-0.1356363303295261,-0.0813417193392119,0.3674258612565395,1059986757.0,-0.0711169551904586,17.852215431728844,22.88808200019556,0.0134408602150537,0.4291845493562232,200333112.05,39.510184342232094,0.0187069768069818,0.0264021886501849,0.0774576133029018,-0.0047324156953946,0.8692660550458727,0.098623853211011,0.0321100917431162,0.098623853211011,0.1920724823631371,-0.0260603787665989,,,,,,,,,,2.4286128663675305e-17,62.5,23.043478260869563,19.673913043478265,63.09782608695653,50.0,无新闻/中性,5,42.880434782608695,1953,0.4772145417306707,0.093939004755195,0.0749942596272231,1.252615936501557,0.0056231507180987,35.65528880852554,低,27.784531322297926,0.0,67.3913043478261,58.944456948473,20260915T233549_score_74965937
2026-09-15 23:36:36,2026-09-15,90.99,89.37,91.7,88.98,8212900.0,0.0219,121734800.0,600769,,,,房屋建设,5583000000.0,399.25,42.54,0.3888111888111889,-0.1033410253837664,-0.3445063811060583,0.213771560505229,-0.0213534822601838,2.6229008765948385,0.0671235902732585,-0.0512419915036067,1.0676953830452576,1688733245.0,0.0127682360153205,18.617355474351747,22.44299210327464,0.0025046963055729,0.0235072872590503,174749085.7,53.49407636448094,-0.0525022273291042,-0.0680163753554985,0.0982192809987372,-0.0071838548416959,0.5955882352941143,0.1433823529411767,0.2610294117647089,0.1433823529411767,0.5971942417984302,0.021202554669606,,,,,,,,,,-3.4694469519536136e-17,27.17391304347825,33.96739130434783,68.36956521739131,57.44565217391304,53.75,关键词新闻评分,9,42.79619565217392,1958,0.5337078651685393,0.1349911696944727,0.1025905002350588,1.3158252409840714,0.024208705626208,42.772441160038056,低,27.784531322297926,0.0,100.0,62.91387842232452,20260915T233549_score_74965937
2026-09-15 23:36:36,2026-09-15,83.78,83.0,88.13,82.18,205597000.0,0.3524,3910512800.000001,002579,,,,印制电路板,8638000000.0,-106.95,3.75,0.0841170323928943,0.2182592103331866,-0.0632054176072234,0.5310828260468548,-0.0097828680505844,0.838376965879627,0.208195349175734,0.2070269326973417,3.529844434489944,5285916366.0,-0.0368175879182722,22.08693435349502,22.87943691148492,,0.2666666666666666,1458050131.929,69.24571983824652,0.0499255290219331,0.0267320199699411,0.0623063683304646,-0.0170147250404643,0.1310924369747903,0.1378151260504193,0.7310924369747903,0.1378151260504193,1.0087687930449931,0.0049632561974727,,,,,,,,,,-0.0165703082449771,7.608695652173914,76.25,55.97826086956522,37.44565217391304,50.0,无新闻/中性,4,41.66576086956522,1931,0.5132055929570171,0.1129889392061722,0.0850027544523671,1.3292385633160586,0.0166076900922276,32.61557976981626,低,27.784531322297926,0.0,55.434782608695656,54.62175900925166,20260915T233549_score_74965937
2026-09-15 23:36:36,2026-09-15,54.9,54.85,57.01,54.85,2430058.0,0.027,132627900.0,688379,,,,金属制品,5366000000.0,34.27,3.75,-0.0755098601045002,-0.0590152684851603,-0.3835000561987186,0.2143015275625415,-0.0099277978339349,0.6364611061378096,-0.0444667044118286,-0.0776733040931575,0.5914854656869337,215087191.0,0.0631191613778775,18.703058028363248,22.403348588949843,0.0291800408520571,0.2666666666666666,231802390.0,45.74318329847051,-0.0009301261111352,0.0059425321016797,0.0641489777314754,-0.0129566312758682,0.0231481481481468,0.0,0.9768518518518532,0.0,0.2422556535273905,-0.00059315475295,,,,,,,,,,1.0408340855860844e-17,47.82608695652174,37.880434782608695,48.85869565217392,4.646739130434783,50.0,无新闻/中性,6,41.44565217391304,1333,0.5146286571642911,0.1331849955022405,0.0875632678053665,1.5210144486416486,0.0260401145119766,31.632953151451936,低,27.784531322297926,0.0,60.869565217391305,40.82453807522866,20260915T233549_score_74965937
2026-09-15 23:36:36,2026-09-15,104.5,101.77,106.54,101.2,18850600.0,0.0519,644917800.0,002655,,,,电子系统组装,13749000000.0,306.19,15.71,-0.1375423728813559,-0.1131927500871384,-0.2785850995959452,0.9065192956163356,-0.0371807000946073,0.7203101700664295,-0.0888131829760183,-0.0274598995637568,2.199579218136204,3726446489.0,-0.005472704089033,20.284633426328764,23.344231931141508,0.0032659459812534,0.0636537237428389,1119343900.028,44.56679160442482,0.0168546186951867,0.0343560587317659,0.067399879279608,-0.0135698361926916,0.5112359550561802,0.1067415730337065,0.3820224719101133,0.1067415730337065,0.0462661831474694,-0.0234426058432292,,,,,,,,,,-4.3368086899420185e-18,39.130434782608695,29.18478260869565,47.66304347826087,47.28260869565217,51.96753965606764,关键词新闻评分,9,40.44947135691111,1960,0.5387755102040817,0.1408571965559733,0.1002672603746501,1.4048174451925617,0.0296446919308286,30.110959478978074,低,27.784531322297926,0.0,45.65217391304349,50.96776866453336,20260915T233549_score_74965937
2026-09-15 23:36:36,2026-09-15,176.51,174.53,177.17,174.11,15545000.0,0.0197999999999999,447190700.0,002747,,,,其它通用机械,28944000000.0,145.0,8.78,-0.052137077065117,-0.2817399892999712,-0.2485252960172228,0.4211383437830795,-0.0112174947595036,0.572302187022444,-0.0754112255979657,-0.1719527643483749,0.554327855357537,4052583821.0,-0.0303508276730453,19.918495685760703,24.08862876559935,0.0068965517241379,0.1138952164009111,1197058845.5015,37.51368060847789,-0.0458469593259153,-0.0388894229800783,0.0361460575750382,-0.0042220573971585,0.6470588235294139,0.1372549019607814,0.2156862745098046,0.1372549019607814,0.1301730665549433,-0.0312973864694382,,,,,,,,,,5.204170427930421e-18,44.56521739130434,27.445652173913043,27.771739130434785,58.31521739130435,65.42857142857143,关键词新闻评分,9,40.38796583850932,1961,0.4997450280469148,0.1379123982643281,0.1005255705016171,1.3719136094045794,0.0186326188867695,37.324949533468285,低,27.784531322297926,0.0,80.43478260869566,52.68422410026517,20260915T233549_score_74965937
2026-09-15 23:36:36,2026-09-15,101.0,101.93,105.37,98.19,5920666.0,0.0489,607957200.0,688031,,,,软件开发,12826000000.0,-59.64,17.11,-0.0652911508482346,-0.1174891774891774,-0.125889717862962,-0.298823691270551,0.0373498880521065,0.8474303834856348,-0.0347080827690704,-0.0183889560331087,0.9671077507751938,237680779.0,-0.0117748544441184,20.225615044360627,23.274740197673083,,0.0584453535943892,655050395.0,46.66516998808935,-0.0064460672644855,0.0033720823977774,0.0827598772266681,0.0009820288716488,0.129526462395544,0.5208913649025078,0.4791086350974922,0.3913649025069637,0.3098158142708457,0.0024657074674904,,,,,,,,,,-0.0048521018290768,20.65217391304348,39.72826086956522,59.836956521739125,59.836956521739125,50.0,无新闻/中性,7,40.11141304347826,811,0.4414303329223181,0.2545527811331989,0.1509532483748928,1.686302109253167,0.0280494132328714,40.47842603949022,低,27.784531322297926,0.0,88.04347826086956,63.56247327084623,20260915T233549_score_74965937
2026-09-15 23:36:36,2026-09-15,44.26,44.02,46.22,43.98,119410700.0,0.1894,2681873900.0,603936,,,,印制电路板,10313000000.0,-124.89,2.42,0.2580737353529581,0.1565948502364686,-0.2067039106145251,0.6911256242796773,-0.0058717253839204,0.7598517269650302,0.2131400540153227,0.2429527421950739,1.7456813972503449,2742772201.0,-0.0209271622392298,21.70978160392205,23.05667107228034,,0.4132231404958678,1284352110.0,70.76826906167166,0.049645549369923,0.0275195475199625,0.059729343804764,-0.016092981671882,0.1071428571428547,0.0178571428571456,0.8749999999999996,0.0178571428571456,1.1010065658082302,0.0145090848382266,,,,,,,,,,-0.0231638586100257,5.434782608695652,73.58695652173913,61.35869565217392,14.347826086956522,50.0,无新闻/中性,9,39.00543478260869,1962,0.5249745158002038,0.1228349338884225,0.1004674715140847,1.2226338738026474,0.0167606006391173,38.05159993497885,低,27.784531322297926,0.0,85.86956521739131,50.28218329874143,20260915T233549_score_74965937
2026-09-15 23:36:36,2026-09-15,64.98,60.81,64.98,60.78,3193200.0,0.0547,196021700.0,300816,,,,汽车零部件,5120000000.0,56.92,5.24,-0.1000443984016574,0.0929187634795112,-0.2589568608335364,-0.0754143226395012,-0.050288927065438,0.7616443271951405,-0.0162979738747117,0.0363957085275545,0.7881785655416683,301392676.0,0.0865349581254248,19.093735930453608,22.356420275997827,0.0175685172171468,0.1908396946564885,312036297.4,48.98383912569045,0.0356947257257791,0.0395015462668638,0.0808607606831583,-0.0221900627110467,0.9928571428571424,0.0071428571428574,0.0,0.0071428571428574,0.4723700484103391,0.0272278373861151,,,,,,,,,,-0.0236578517640247,4.3478260869565215,58.80434782608696,62.44565217391305,46.79347826086956,48.23529411764706,关键词新闻评分,8,38.21483375959079,1464,0.4938524590163934,0.1360612953388534,0.1174737161979177,1.1582275571296274,0.0077351726962663,38.39527665086902,低,27.784531322297926,0.0,90.21739130434784,46.77625995540052,20260915T233549_score_74965937
2026-09-15 23:36:36,2026-09-15,72.33,72.38,74.58,72.16,7332789.0,0.036,240458700.0,688598,,,,非金属新材料,6598999999.999999,-5.26,1.73,-0.0220240508039455,-0.1558199206904595,-0.4314218381775334,0.352138987483654,-0.0063152114222955,0.9112297879530016,-0.0620403667347003,-0.0977256153429029,0.4637156166880414,250799308.0,-0.1607618992587516,19.29805891135056,22.61018395934769,,0.5780346820809249,559274460.0,45.945882869615794,-0.0156452648133189,-0.0053722194361522,0.0631883314254135,-0.0090361445783133,0.0206611570247922,0.0909090909090903,0.9090909090909096,0.0702479338842981,0.238149094381132,-0.0052808653639341,,,,,,,,,,2.4286128663675305e-17,62.5,16.413043478260867,22.826086956521745,23.315217391304348,50.0,无新闻/中性,9,37.875,1398,0.4613733905579399,0.184596995252726,0.1323213464840163,1.395065876804876,0.0138963433730643,33.43332797838494,低,27.784531322297926,0.0,63.04347826086957,49.928486196810994,20260915T233549_score_74965937
2026-09-15 23:36:36,2026-09-15,23.46,23.59,23.83,23.46,140972.0,1.49,135609992.0,002083,1.57,0.0,0.0,棉纺,9372000000.0,16.0,1.94,-0.0260115606936416,-0.12369985141159,-0.1393651951842393,-0.082101167315175,0.0,0.2584730277687748,-0.0465412363842127,-0.0773081962724659,0.0060739612454283,2871038351.0,-0.0493260884684046,18.72529362544552,22.96099235759196,0.0625,0.5154639175257733,335822213.163,36.56564761951022,-0.0281327958103373,-0.0217011477172161,0.0245261309271483,-0.0015519187358915,0.3513513513513511,0.3513513513513511,0.6486486486486489,0.0,0.095776225860931,-0.0107059410674461,,,,,,,,,,-3.122502256758253e-17,29.347826086956523,51.95652173913044,26.63043478260869,33.53260869565217,58.0,关键词新闻评分,9,37.74021739130435,1963,0.5348955680081507,0.0612590930137341,0.0487042394858296,1.2577774267793926,0.0101146597115936,33.66931102502576,低,27.784531322297926,0.0,59.782608695652165,55.84953259470629,20260915T233549_score_74965937
2026-09-15 23:36:36,2026-09-15,233.61,215.85,239.75,215.85,277144000.0,0.1249,6344310900.0,600869,,,,线缆部件及其他,47050000000.0,389.59,10.76,0.1614829961256993,0.2728505720014151,-0.3862492536040263,0.6875146587444296,-0.0978810548752455,1.289879165457791,0.1555726870477887,0.0961359746901011,1.4961040305311633,6525207135.0,0.447508860594298,22.570824327171465,24.5744767029778,0.0025668009959187,0.0929368029739777,5423501296.6,57.73112590771738,0.0513208537197229,0.028100445248846,0.1014659651212813,-0.0355946086827017,0.743096234309624,0.0,0.2569037656903759,0.0,0.8450363245253095,0.0233251292460216,,,,,,,,,,-0.0622320415427149,1.0869565217391304,56.95652173913044,73.31521739130436,33.77717391304348,50.6,关键词新闻评分,7,37.72032608695653,1957,0.5176290240163516,0.113719445414239,0.0760575794046669,1.4951757116695867,0.0221765167330702,34.47927384879764,低,27.784531322297926,0.0,66.30434782608695,52.55363257927248,20260915T233549_score_74965937
2026-09-15 23:36:36,2026-09-15,864.07,879.86,896.05,857.28,4126510.0,0.0181,902417900.0,688019,,,,半导体材料,48526000000.0,51.64,9.94,-0.0436096436879062,-0.1970541800892506,-0.1097778137520741,0.2430210216998192,0.0145168171388379,0.5279500911013503,-0.0513848480976969,-0.1432574833273773,0.7961445128923199,285355235.0,-0.1172769276987278,20.62058827561238,24.6053655737232,0.0193648334624322,0.1006036217303823,1213962745.0,41.95395220841044,-0.0370553853946674,-0.0336891638563028,0.0465845215634954,0.0024267143654654,0.4072736652050547,0.5824090791849381,0.4175909208150619,0.1751354139798834,0.2283173006553809,-0.0133729758474489,,,,,,,,,,-0.0011864557083134,25.0,40.326086956521735,36.84782608695652,63.47826086956522,50.0,无新闻/中性,5,37.54891304347826,1596,0.5294486215538847,0.1530827163990436,0.0978723978848652,1.5641050971196857,0.0349954414446479,40.14344481077607,低,27.784531322297926,0.0,92.3913043478261,55.532163630143145,20260915T233549_score_74965937
2026-09-15 23:36:36,2026-09-15,69.09,67.74,69.36,66.93,25550100.0,0.0371,315266900.0,300328,,,,铝,10819000000.0,-208.52,10.46,-0.1721862397653673,-0.1903908210828254,-0.3289747399702823,-0.2767456758488149,-0.0016212232866616,0.8153583822994287,-0.1932544928364715,-0.1169396627580318,0.5589750345716775,5956647799.0,-0.0239992386488329,19.56893014279177,23.10456968465185,,0.0956022944550669,901186287.438,33.526249214909825,-0.0423810289852218,-0.0003659114510921,0.0834176894850056,-0.0039700044111161,0.5555555555555608,0.3333333333333294,0.1111111111111098,0.3333333333333294,0.0837827927527342,0.0073450952357321,,,,,,,,,,-9.540979117872439e-18,34.78260869565217,14.94565217391304,47.336956521739125,73.69565217391305,47.30128006633965,关键词新闻评分,7,37.47741061532962,1958,0.5188968335035751,0.1335875345627203,0.0968407276556538,1.3794561213721026,0.022727767959192,31.516322176077487,低,27.784531322297926,0.0,61.95652173913043,38.59772287708016,20260915T233549_score_74965937
2026-09-15 23:36:36,2026-09-15,184.55,181.75,185.08,181.54,6371200.0,0.0151,1137805200.0,603893,,,,集成电路,79974000000.0,58.47,16.25,-0.0589727658693175,-0.1029121421520237,-0.0095367847411443,0.1852745532802922,-0.0084560829241681,0.5575271849090335,-0.0400359161252837,-0.0876210125775269,0.5604454570244808,1075699367.0,-0.0279903170573928,20.8523669813725,25.10496741879635,0.0171027877544039,0.0615384615384615,2152457600.0,40.85113987346061,-0.0201187047965082,-0.0143501474872703,0.0450108076242876,-0.0056895891460144,0.7909604519773997,0.0593220338983069,0.1497175141242932,0.0593220338983069,0.238447943838026,0.001050120016219,,,,,,,,,,-0.0093445406414018,14.130434782608695,54.83695652173913,42.22826086956522,50.97826086956522,49.41935483870968,关键词新闻评分,6,37.14030504908837,1465,0.4887372013651877,0.1563150280077493,0.1023761036511429,1.526870260079528,0.0240558760538173,38.33089751182029,低,27.784531322297926,0.0,84.78260869565217,53.593442506669845,20260915T233549_score_74965937
2026-09-15 23:36:36,2026-09-15,260.01,260.66,267.59,259.23,7745400.0,0.0559999999999999,774298000.0,002975,,,,其它专用机械,19779000000.0,66.56,8.01,-0.017711787760024,-0.0546206296242565,-0.3118977851693461,0.8586708499714775,-0.0039740160489107,0.8691541893615155,-0.0205630653903601,-0.041739911511853,0.6343651171587087,357537036.0,-0.0439489845301807,20.46746737166693,23.707886605745685,0.0150240384615384,0.1248439450686641,1557911898.2245,49.114398001629134,-0.0001143496140626,0.0040699254061253,0.0760158279532176,-0.0069843043632853,0.0777511961722532,0.171052631578949,0.8289473684210509,0.0933014354066957,0.3690302839335483,0.000610746626141,,,,,,,,,,-0.0003143233390737,26.08695652173913,38.20652173913043,41.141304347826086,32.22826086956521,53.333333333333336,关键词新闻评分,5,35.46648550724638,1460,0.4856164383561643,0.1575556831690319,0.108191108069421,1.4562720169936332,0.0208599021963756,40.58082195104981,低,27.784531322297926,0.0,98.91304347826087,49.752359058055056,20260915T233549_score_74965937
2026-09-15 23:36:36,2026-09-15,85.11,84.48,85.25,84.13,104135.0,0.41,115035870.42,000729,1.32,-0.74,-0.63,啤酒,31765000000.0,16.08,1.95,-0.0219958323686036,-0.2529182879377432,-0.0975323149236192,-0.2430107526881719,-0.0074021854071201,1.4376258299351654,-0.0655952571880478,-0.1683088388516336,0.4798040882524368,29468160.73,-0.0424868629893025,18.560754563080216,24.18163089166491,0.0621890547263681,0.5128205128205129,248253943.9925,39.72685491411966,-0.0637427404673809,-0.0577782299615308,0.0729251217532467,-0.0016544552115339,0.5624999999999937,0.3125000000000063,0.125,0.3125000000000063,0.3071436646143249,-0.0228069280531381,,,,,,,,,,-1.214306433183765e-17,31.521739130434785,23.315217391304348,27.28260869565217,72.11956521739131,56.48,关键词新闻评分,7,35.177891304347824,1972,0.5324543610547667,0.0662494569170841,0.0601096660675743,1.1021431535255517,0.0071708000246627,37.61673876286768,低,27.784531322297926,0.0,84.78260869565217,48.83238418031915,20260915T233549_score_74965937
2026-09-15 23:36:36,2026-09-15,11.37,10.72,11.51,10.7,900869.0,12.67,395631926.09,000892,7.16,-5.3,-0.6,影视动漫,5484000000.0,-14.08,10.85,-0.2254335260115606,0.0817356205852675,0.1639522258414765,-0.2601794340924775,-0.0530035335689045,0.9093643634283756,-0.0446909949650224,0.0787964174298077,0.8284065021803088,-5193795.350000001,-2.952334181576427,19.795994859941658,22.42510059864648,,0.0921658986175115,545011142.956,46.58341765541434,0.0512947038452816,0.0589274450989957,0.1018789978678038,-0.0233829334952929,0.8024691358024669,0.024691358024693,0.1728395061728401,0.024691358024693,0.4266567935519879,0.0011205387476301,,,,,,,,,,-0.0163246164912697,8.695652173913043,65.65217391304348,31.30434782608696,45.70652173913044,46.53846153846154,关键词新闻评分,5,34.94188963210703,1964,0.4745417515274949,0.1270628639429005,0.0980938905660168,1.2953188339225643,0.008752390086891,31.337878957528808,低,27.784531322297926,0.0,60.869565217391305,38.85737678240781,20260915T233549_score_74965937
2026-09-15 23:36:36,2026-09-15,143.34,143.95,145.65,142.32,38876.0,1.07,71348505.98,000026,2.32,0.47,0.68,珠宝首饰,8014000000.0,76.05,2.37,-0.063739837398374,-0.2720974919093851,-0.2269895822145849,0.1422790033328043,0.004746283241432,0.9542340029320042,-0.0917236114003043,-0.1131123216495271,0.3815786890716711,13740403.52,-0.0769477182123075,18.08308697637036,22.80445584916036,0.0131492439184746,0.4219409282700421,205845499.41,40.51475697248378,-0.0332400965399643,-0.0165283407160656,0.0723763211432541,-0.0001620670494536,0.183183183183178,0.4894894894894863,0.5105105105105137,0.3063063063063082,0.13533260135445,-0.0227976618516464,,,,,,,,,,0.0,42.391304347826086,17.282608695652172,24.02173913043478,57.06521739130435,51.5,关键词新闻评分,6,34.81847826086956,1968,0.4776422764227642,0.0962387420497409,0.0613563496539734,1.568521311852659,0.0139177287004429,33.640962368330406,低,27.784531322297926,0.0,61.95652173913043,52.76199082543296,20260915T233549_score_74965937
2026-09-15 23:36:36,2026-09-15,58.6,57.07,58.91,56.76,14377600.0,0.0432,182257600.0,300996,,,,软件开发,5549000000.0,81.2,4.32,-0.0771345407503234,-0.2177905701754385,0.127197313845546,0.0402843601895734,-0.0224391915039396,0.3819517645354529,-0.0869384359400997,-0.0883750648935743,0.4981146090429476,339862549.0,-0.4073012702002157,19.02093163443054,22.43688356829017,0.0123152709359605,0.2314814814814814,404878520.0,34.4952270871154,-0.0472214549879704,-0.0320627963994993,0.0447820971738967,-0.0088572420979504,0.7116279069767452,0.144186046511629,0.1441860465116257,0.144186046511629,-0.0556042326931456,-0.0117063321758541,,,,,,,,,,-0.0034261839745118,22.82608695652174,46.52173913043478,18.586956521739133,65.70652173913044,49.1,关键词新闻评分,7,34.817608695652176,1139,0.4688323090430202,0.1510085566834948,0.1012754011004671,1.4910684632459894,0.0170034693618995,30.69828494735192,低,27.784531322297926,0.0,56.52173913043478,40.39051816383723,20260915T233549_score_74965937
2026-09-15 23:36:36,2026-09-15,30.97,29.41,32.11,29.41,80430900.0,0.1752,794380300.0,603318,,,,其它专用机械,5181000000.0,229.49,2.7,-0.0010190217391304,-0.0110961667787491,-0.1832824215495695,0.1666005553351843,-0.0639719923615531,0.8407759743025747,-0.0163550620422088,0.0414674740606961,1.1565421946605676,1092616009.0,-0.1542343270807176,20.49307287305646,22.36826392477906,0.0043574883437186,0.3703703703703703,682153030.0,49.65262924873282,0.0177608741742839,0.0182933501808757,0.0689269927624229,-0.0296931705707687,0.5777777777777775,0.0,0.4222222222222225,0.0,0.3881025864787518,0.0024821699073156,,,,,,,,,,-0.0130193358615201,9.782608695652174,53.04347826086956,40.380434782608695,24.211956521739133,61.76923076923077,关键词新闻评分,8,33.358988294314386,1873,0.5040042712226375,0.1099474758110481,0.0919563110106899,1.1956490490170564,0.0098040599234908,33.71178702658752,低,27.784531322297926,0.0,65.21739130434783,48.88632912685719,20260915T233549_score_74965937
2026-09-15 23:36:36,2026-09-15,35.84,35.76,36.84,35.62,5653300.0,0.034,193310700.0,301291,,,,,10613000000.0,28.76,2.09,0.0133182204590536,-0.1720305626302385,-0.1152894606630381,-0.3750436910171268,-0.0096926059263362,0.4775592307826427,-0.0243636264425833,-0.0802311425093021,1.0794536444277252,125491217.0,-0.2191386216178713,19.079809302191027,23.085345501726096,0.0347705146036161,0.4784688995215311,220259514.728,42.73924052314437,-0.0389903066532825,-0.0418102527835857,0.0388902205177373,-0.008686009979671,0.0655737704918073,0.1147540983606556,0.819672131147537,0.1147540983606556,0.3749268608791598,-0.0148154743571722,,,,,,,,,,-0.0086355870273771,15.217391304347828,47.60869565217392,31.35869565217391,30.543478260869563,49.1,关键词新闻评分,10,31.46434782608696,640,0.5765625,0.1082752894870063,0.1086030968186926,0.9969816023549172,0.0164408477856869,38.0858846713946,低,27.784531322297926,0.0,96.7391304347826,36.017994584991364,20260915T233549_score_74965937
2026-09-15 23:36:36,2026-09-15,154.78,156.24,159.68,153.92,421207.0,2.78,2422251383.57,002156,3.72,0.92,1.43,集成电路,86306000000.0,34.19,5.12,-0.0171730515191544,-0.1876884683373193,-0.1613076386279456,0.3605015673981191,0.0092371293844066,0.5028754697109189,-0.052174677946257,-0.1227983167878608,0.0229179770581259,14938198812.0,-0.0131939642439683,21.607963268834137,25.181164957532143,0.0292483182217022,0.1953125,4483916181.0135,41.51628695903157,-0.0319869603160485,-0.0273466637985664,0.0428918879379708,-0.00238379022646,0.2534722222222227,0.4027777777777802,0.5972222222222199,0.1493055555555574,0.1605974052171316,-0.0481978553455375,,,,,,,,,,-0.0084487781967068,16.304347826086957,40.27173913043478,26.195652173913043,49.51086956521738,49.41935483870968,关键词新闻评分,7,30.906609396914444,1970,0.5106598984771573,0.1390091872643207,0.0885253366807744,1.5702757253055464,0.0276674202170762,36.23908687209011,低,27.784531322297926,0.0,88.04347826086956,35.3002121548455,20260915T233549_score_74965937
2026-09-15 23:36:36,2026-09-15,300.89,306.3,318.34,298.28,6755179.0,0.0323,2088937200.0,688702,,,,通信传输设备,133168000000.0,-925.93,59.17,-0.0280818657782007,-0.2972675338977217,-0.0056163360711617,0.8563636363636364,0.018013826110077,0.6940085634200135,-0.1135049404083143,-0.1551265448316665,1.02177573276452,192695229.0,-0.2245320627309936,21.459921257316942,25.61487732595015,,0.0169004563123204,2311120545.0,38.06396863068839,-0.0606581794642523,-0.0403668467357651,0.0715568303717177,-0.0043557404758806,0.2696909272183462,0.3998005982053857,0.6001994017946143,0.1301096709870395,0.1601462337726429,-0.0215503659448974,,,,,,,,,,-0.01187095656713,11.956521739130435,29.40217391304348,31.68478260869565,47.71739130434782,46.14285714285714,关键词新闻评分,7,27.258307453416148,586,0.6296928327645052,0.2219323016531676,0.1012509752885946,2.1919028534845832,0.1022552178709792,28.4363657095805,低,27.784531322297926,0.0,48.91304347826087,35.45598411492633,20260915T233549_score_74965937
2026-09-15 23:36:36,2026-09-15,219.78,228.77,235.77,218.55,13694134.0,0.0944999999999999,3118341300.0,688146,,,,,120198000000.0,233.13,20.01,-0.0016147333507897,-0.2140108568679997,-0.3280956296992481,4.342596917328351,0.044993604969852,0.6015560826253353,-0.0536761725116444,-0.1782711378378296,1.153673181031598,957113828.0,-0.0807058364435317,21.86056706310531,25.512406219973983,0.0042894522369493,0.0499750124937531,2915678500.0,41.95225860042756,-0.0593542166718547,-0.0548226680779506,0.0564228576424231,0.0047138737208858,0.5220673635307788,0.5934959349593496,0.4065040650406504,0.0714285714285708,0.2773730675914037,-0.0128248518150311,,,,,,,,,,-0.0276527300591622,2.1739130434782608,24.347826086956523,47.22826086956522,59.34782608695652,50.0,无新闻/中性,5,27.22826086956522,682,0.5190615835777126,0.2524920178864149,0.0806487177189478,3.1307629560375965,0.0922718400586157,39.92681122309078,低,27.784531322297926,0.0,97.82608695652172,46.84156290064704,20260915T233549_score_74965937
2026-09-15 23:36:36,2026-09-15,28.75,28.18,29.04,28.17,8394264.0,0.0204999999999999,238767000.0,688158,,,,IT服务,13747000000.0,-277.29,5.59,-0.0450694679769569,-0.196005706134094,-0.2485333333333333,-0.3406644829199813,-0.0191437521754264,0.4298067856133989,-0.0667638097761292,-0.1329853241305751,0.5909852596162745,1996335154.0,-0.0624815689214277,19.29099874316688,23.344086455435693,,0.1788908765652951,432966035.0,34.644725654523405,-0.0398528687651391,-0.0336781532516024,0.0389587346649092,-0.0099543272045907,0.6551724137931058,0.0114942528735609,0.3333333333333333,0.0114942528735609,0.0740199628415414,-0.015347346030744,,,,,,,,,,-0.0120398541021982,10.869565217391305,34.94565217391305,23.097826086956523,34.130434782608695,40.7906976744186,关键词新闻评分,10,24.652439332659256,1470,0.4020408163265306,0.1781756262971658,0.1059331892659957,1.6819622587758698,0.0082901508685814,39.05425674125053,低,27.784531322297926,0.0,100.0,38.12598229707438,20260915T233549_score_74965937
2026-09-15 23:36:36,2026-09-15,517.73,512.42,526.94,510.08,235222.0,2.99,3991241269.35,002281,3.23,-1.97,-10.32,通信传输设备,138830000000.0,120.08,9.6,-0.0633374156872065,-0.1462939206637457,-0.365824680387619,1.075247043576867,-0.0197421280177526,0.6718668801669125,-0.0375119038451065,-0.1267255189338425,0.0142835360420003,5455587382.0,-0.0013420057060523,22.10736811479388,25.65651599999312,0.0083277814790139,0.1041666666666666,5368620375.7485,43.193273593690485,-0.0162964387367767,-0.016701439295392,0.0583408141758713,-0.0078609045848824,0.314946619217084,0.1387900355871865,0.5462633451957294,0.1387900355871865,0.1681819078848491,-0.0150700836490358,,,,,,,,,,-0.0206519452607697,6.521739130434782,28.097826086956523,27.60869565217392,43.09782608695652,50.31578947368421,关键词新闻评分,8,24.170165903890165,1971,0.517503805175038,0.1334623303021119,0.078430352238803,1.7016668482598247,0.0312249172648667,36.76127451563946,低,27.784531322297926,0.0,84.78260869565217,43.12928919879762,20260915T233549_score_74965937
