symbol,name,source,added_at
000026,飞亚达,历史对话提取,2026-08-10 00:00:00
000034,神州数码,历史对话提取,2026-08-10 00:00:00
000676,智度股份,历史对话提取,2026-08-10 00:00:00
000729,燕京啤酒,历史对话提取,2026-08-10 00:00:00
000759,中百集团,历史对话提取,2026-08-10 00:00:00
000892,欢瑞世纪,历史对话提取,2026-08-10 00:00:00
000938,紫光股份,历史对话提取,2026-08-10 00:00:00
001301,尚太科技,检索多选导入,2026-08-20 16:41:39
001330,博纳影业,历史对话提取,2026-08-10 00:00:00
002080,中材科技,历史对话提取,2026-08-10 00:00:00
002083,孚日股份,综合评分候选,2026-08-18 18:56:27
002156,通富微电,历史对话提取,2026-08-10 00:00:00
002169,智光电气,检索多选导入,2026-09-05 12:39:47
002272,川润股份,检索多选导入,2026-09-03 22:51:04
002281,光迅科技,历史对话提取,2026-08-10 00:00:00
002328,新朋股份,检索多选导入,2026-09-03 22:37:48
002353,杰瑞股份,历史对话提取,2026-08-10 00:00:00
002384,东山精密,历史对话提取,2026-08-10 00:00:00
002407,多氟多,历史对话提取,2026-08-10 00:00:00
002512,ST达华,历史对话提取,2026-08-10 00:00:00
002517,恺英网络,历史对话提取,2026-08-10 00:00:00
002552,宝鼎科技,历史对话提取,2026-08-10 00:00:00
002579,中京电子,历史对话提取,2026-08-10 00:00:00
002655,共达电声,检索多选导入,2026-09-03 22:37:48
002739,儒意电影,历史对话提取,2026-08-10 00:00:00
002747,埃斯顿,历史对话提取,2026-08-10 00:00:00
002832,比音勒芬,检索多选导入,2026-08-11 22:46:16
002837,英维克,检索多选导入,2026-09-03 22:37:48
002851,麦格米特,历史对话提取,2026-08-10 00:00:00
002882,金龙羽,检索多选导入,2026-09-05 12:39:47
002957,科瑞技术,历史对话提取,2026-08-10 00:00:00
002975,博杰股份,历史对话提取,2026-08-10 00:00:00
003001,中岩大地,检索多选导入,2026-08-11 22:04:44
300189,神农种业,历史对话提取,2026-08-10 00:00:00
300191,潜能恒信,历史对话提取,2026-08-10 00:00:00
300209,行云科技,历史对话提取,2026-08-10 00:00:00
300285,国瓷材料,历史对话提取,2026-08-10 00:00:00
300328,宜安科技,检索多选导入,2026-08-20 16:41:39
300476,胜宏科技,历史对话提取,2026-08-10 00:00:00
300622,博士眼镜,历史对话提取,2026-08-10 00:00:00
300666,江丰电子,历史对话提取,2026-08-10 00:00:00
300726,宏达电子,历史对话提取,2026-08-10 00:00:00
300727,润禾材料,检索多选导入,2026-09-03 23:06:01
300776,帝尔激光,历史对话提取,2026-08-10 00:00:00
300816,艾可蓝,检索多选导入,2026-09-03 22:54:59
300863,卡倍亿,历史对话提取,2026-08-10 00:00:00
300996,普联软件,历史对话提取,2026-08-10 00:00:00
301021,英诺激光,检索多选导入,2026-08-20 16:41:39
301128,强瑞技术,检索多选导入,2026-09-03 22:37:48
301133,金钟股份,检索多选导入,2026-09-03 22:37:48
301191,菲菱科思,历史对话提取,2026-08-10 00:00:00
301217,铜冠铜箔,历史对话提取,2026-08-10 00:00:00
301291,明阳电气,历史对话提取,2026-08-10 00:00:00
513050,中概互联网ETF易方达,历史对话提取,2026-08-10 00:00:00
561380,电网设备ETF国泰,历史对话提取,2026-08-10 00:00:00
561760,油气ETF博时,历史对话提取,2026-08-10 00:00:00
562590,半导体设备ETF华夏,历史对话提取,2026-08-10 00:00:00
600110,诺德股份,历史对话提取,2026-08-10 00:00:00
600166,福田汽车,历史对话提取,2026-08-10 00:00:00
600172,黄河旋风,历史对话提取,2026-08-10 00:00:00
600176,中国巨石,历史对话提取,2026-08-10 00:00:00
600188,兖矿能源,历史对话提取,2026-08-10 00:00:00
600498,烽火通信,历史对话提取,2026-08-10 00:00:00
600645,中源协和,检索多选导入,2026-08-20 16:41:39
600769,祥龙电业,检索多选导入,2026-09-03 22:58:25
600869,远东股份,检索多选导入,2026-09-03 22:37:48
601058,赛轮轮胎,历史对话提取,2026-08-10 00:00:00
601118,海南橡胶,历史对话提取,2026-08-10 00:00:00
601133,柏诚股份,历史对话提取,2026-08-10 00:00:00
601208,东材科技,历史对话提取,2026-08-10 00:00:00
603011,合锻智能,历史对话提取,2026-08-10 00:00:00
603026,石大胜华,历史对话提取,2026-08-10 00:00:00
603200,上海洗霸,检索多选导入,2026-09-03 22:37:48
603318,水发燃气,历史对话提取,2026-08-10 00:00:00
603466,风语筑,历史对话提取,2026-08-10 00:00:00
603533,掌阅科技,历史对话提取,2026-08-10 00:00:00
603613,国联股份,检索多选导入,2026-09-05 12:38:39
603650,彤程新材,历史对话提取,2026-08-10 00:00:00
603893,瑞芯微,历史对话提取,2026-08-10 00:00:00
603929,亚翔集成,历史对话提取,2026-08-10 00:00:00
603936,博敏电子,历史对话提取,2026-08-10 00:00:00
605277,新亚电子,检索多选导入,2026-09-03 22:37:48
688008,澜起科技,历史对话提取,2026-08-10 00:00:00
688017,绿的谐波,历史对话提取,2026-08-10 00:00:00
688019,安集科技,历史对话提取,2026-08-10 00:00:00
688031,星环科技-U,历史对话提取,2026-08-10 00:00:00
688146,中船特气,历史对话提取,2026-08-10 00:00:00
688152,麒麟信安,检索多选导入,2026-09-03 22:54:59
688158,优刻得-W,历史对话提取,2026-08-10 00:00:00
688207,格灵深瞳,历史对话提取,2026-08-10 00:00:00
688257,新锐股份,历史对话提取,2026-08-10 00:00:00
688379,华光新材,检索多选导入,2026-09-02 21:49:48
688531,日联科技,历史对话提取,2026-08-10 00:00:00
688598,金博股份,检索多选导入,2026-08-14 21:47:13
688667,菱电电控,检索多选导入,2026-09-02 21:49:48
688702,盛科通信-U,历史对话提取,2026-08-10 00:00:00
688825,长鑫科技,历史对话提取,2026-08-10 00:00:00
